Jogador,Time,Agente,R,ACS,K,D,A,+/-,KAST,ADR,HS%,FK,FD,+/-_FK_FD,Jogos,Wins,WinRate,Impacto
johnqt,SEN,Astra,1.5,234.0,47,21,14,26,92.0,149.5,32.0,2,0,2,2,1,0.5,0.807
s0m,NRG,Astra,1.433,237.7,49,31,31,18,88.0,151.0,23.7,8,1,7,3,2,0.67,0.803
Melser,KRÜ,Astra,1.248,216.6,77,63,37,14,77.2,144.4,35.6,13,6,7,5,0,0.0,0.749
Demon1,ENVY,Astra,1.175,232.0,42,30,12,12,84.5,149.5,41.0,4,4,0,2,1,0.5,0.745
Rossy,ENVY,Astra,1.27,202.0,39,32,30,7,75.5,133.5,19.5,3,2,1,2,1,0.5,0.734
valyn,G2,Astra,1.127,207.4,412,355,197,57,76.0,134.3,25.3,42,30,12,26,19,0.73,0.721
Cryocells,100T,Astra,1.13,218.0,20,17,2,3,63.0,149.0,46.0,3,0,3,1,0,0.0,0.714
pANcada,LOUD,Astra,1.079,201.2,188,167,81,21,75.0,136.0,34.7,16,13,3,11,4,0.36,0.705
xenom,MIBR,Astra,1.119,185.7,234,200,153,34,80.8,120.3,31.9,20,17,3,15,12,0.8,0.699
bang,100T,Astra,1.11,193.1,275,255,188,20,80.0,123.1,32.2,29,27,2,19,12,0.63,0.698
Mazino,MIBR,Astra,0.997,203.3,42,38,14,4,72.7,133.7,35.3,3,2,1,3,2,0.67,0.694
v1c,C9,Astra,1.092,190.7,237,220,130,17,77.3,119.9,28.3,27,26,1,16,8,0.5,0.686
artzin,FUR,Astra,1.03,187.0,95,86,38,9,72.3,118.4,34.6,12,9,3,7,5,0.71,0.683
Inspire,ENVY,Astra,1.117,202.0,48,40,20,8,71.0,128.0,31.7,2,3,-1,3,2,0.67,0.671
benG,KRÜ,Astra,1.05,188.8,71,76,31,-5,70.4,116.2,32.0,10,4,6,5,0,0.0,0.542
skuba,NRG,Astra,0.97,167.7,28,31,19,-3,87.3,105.7,32.3,3,3,0,3,2,0.67,0.527
yay,EG,Astra,0.938,178.0,55,62,20,-7,67.0,117.2,34.8,11,6,5,4,2,0.5,0.519
kiNgg,LEV,Astra,0.93,178.6,63,71,29,-8,69.0,112.6,34.0,7,6,1,5,1,0.2,0.507
supamen,EG,Astra,0.958,170.2,145,158,82,-13,68.5,106.8,41.4,15,12,3,10,5,0.5,0.505
nerve,FUR,Astra,0.98,162.0,12,14,14,-2,78.0,112.0,38.0,0,1,-1,1,0,0.0,0.491
zander,100T,Astra,0.911,179.0,121,136,78,-15,75.6,114.8,25.4,11,16,-5,9,3,0.33,0.489
zekken,MIBR,Astra,0.91,136.5,18,22,14,-4,72.0,89.5,33.5,2,1,1,2,1,0.5,0.487
Darker,LOUD,Astra,0.95,166.0,30,32,16,-2,75.0,101.0,31.0,2,6,-4,2,0,0.0,0.477
Ethan,NRG,Astra,0.87,165.5,26,32,15,-6,72.0,111.0,20.0,4,5,-1,2,1,0.5,0.469
keiko,NRG,Astra,0.89,164.0,41,45,19,-4,72.3,100.7,40.0,1,7,-6,3,1,0.33,0.464
cortezia,SEN,Astra,0.81,122.0,9,13,5,-4,71.0,90.0,38.0,3,3,0,1,1,1.0,0.447
lz,2G,Astra,0.7,171.2,47,62,31,-15,71.2,102.8,34.8,3,10,-7,4,1,0.25,0.447
tex,MIBR,Astra,0.7,136.5,19,28,14,-9,67.5,83.0,31.0,2,2,0,2,0,0.0,0.432
neT,C9,Astra,0.685,165.0,27,35,11,-8,56.5,100.0,64.0,3,9,-6,2,0,0.0,0.414
Khalil,FUR,Astra,0.643,142.0,23,39,8,-16,56.0,94.3,26.0,3,5,-2,3,0,0.0,0.393
leaf,G2,Breach,1.238,241.2,70,58,31,12,72.5,156.8,33.8,8,3,5,4,2,0.5,0.759
bdog,FUR,Breach,1.275,212.5,28,21,21,7,79.0,124.0,35.5,2,0,2,2,2,1.0,0.74
johnqt,SEN,Breach,1.325,188.7,84,58,78,26,82.0,121.3,31.5,4,7,-3,6,4,0.67,0.695
nataNk,LEV,Breach,1.12,192.0,13,12,14,1,81.0,113.0,23.0,2,2,0,1,1,1.0,0.689
FiNESSE,NRG,Breach,1.14,176.0,28,27,23,1,77.0,114.0,18.5,2,2,0,2,1,0.5,0.641
Kyu,SEN,Breach,0.99,138.0,12,11,6,1,76.0,76.0,15.0,1,0,1,1,1,1.0,0.637
Ethan,NRG,Breach,1.068,192.2,183,185,110,-2,77.2,125.8,23.2,18,10,8,13,4,0.31,0.624
kiNgg,LEV,Breach,1.05,201.0,16,16,13,0,77.0,138.0,23.0,1,2,-1,1,0,0.0,0.603
N4RRATE,SEN,Breach,1.05,189.6,152,151,104,1,79.2,119.9,22.5,13,17,-4,11,6,0.55,0.602
cauanzin,LOUD,Breach,0.905,179.8,46,57,33,-11,73.0,114.0,28.8,9,2,7,4,1,0.25,0.526
gobera,2G,Breach,0.948,174.7,71,81,58,-10,72.2,112.7,28.5,7,4,3,6,3,0.5,0.525
Rossy,ENVY,Breach,0.962,203.8,97,102,51,-5,73.0,128.2,28.3,7,12,-5,6,1,0.17,0.522
nzr,MIBR,Breach,1.1,181.0,24,27,12,-3,69.5,114.0,39.5,0,0,0,2,0,0.0,0.519
Mazino,MIBR,Breach,0.976,196.5,156,170,97,-14,75.2,128.2,26.5,14,19,-5,11,0,0.0,0.514
Zellsis,C9,Breach,0.845,149.0,80,120,97,-40,80.0,96.5,24.8,8,4,4,8,4,0.5,0.506
NaturE,EG,Breach,0.955,184.3,134,153,96,-19,74.3,118.8,25.5,4,11,-7,10,4,0.4,0.497
JonahP,G2,Breach,0.946,159.8,295,346,259,-51,74.4,101.6,21.4,32,31,1,25,18,0.72,0.495
mitch,C9,Breach,0.968,179.9,144,173,130,-29,74.1,117.0,21.1,12,18,-6,11,6,0.55,0.494
artzin,FUR,Breach,0.816,182.6,189,245,144,-56,69.0,119.6,25.0,29,34,-5,14,8,0.57,0.478
Boostio,100T,Breach,0.858,141.4,100,137,103,-37,76.6,91.9,29.2,8,8,0,10,7,0.7,0.473
tuyz,LOUD,Breach,0.91,151.4,60,73,50,-13,72.4,101.0,35.6,3,5,-2,5,2,0.4,0.465
PxS,LEV,Breach,0.94,166.0,14,17,11,-3,65.0,111.0,22.0,2,4,-2,1,1,1.0,0.464
Okeanos,EG,Breach,0.853,150.0,39,48,27,-9,68.0,96.3,40.3,0,5,-5,3,2,0.67,0.443
mwzera,FUR,Breach,0.76,141.0,10,14,6,-4,65.0,80.0,19.0,3,3,0,1,0,0.0,0.434
v1nny,LOUD,Breach,0.751,138.1,126,182,93,-56,72.3,92.8,34.4,9,17,-8,12,6,0.5,0.432
raafa,FUR,Breach,0.782,138.0,68,91,51,-23,70.0,93.0,25.7,4,12,-8,6,1,0.17,0.431
Zap,2G,Breach,0.55,138.0,5,14,10,-9,60.0,105.0,14.0,0,1,-1,1,0,0.0,0.396
Urango,FUR,Breach,0.61,145.0,8,15,4,-7,56.0,99.0,39.0,0,2,-2,1,0,0.0,0.394
pryze,2G,Breach,0.575,104.5,13,28,13,-15,64.5,65.0,20.5,0,0,0,2,0,0.0,0.386
Inspire,ENVY,Brimstone,1.3,248.0,21,13,6,8,86.0,149.0,37.0,4,3,1,1,1,1.0,0.789
v1c,C9,Brimstone,1.39,223.8,78,53,47,25,89.2,137.6,29.0,12,5,7,5,4,0.8,0.785
zander,100T,Brimstone,1.363,243.3,55,39,28,16,79.3,151.0,24.7,10,7,3,3,2,0.67,0.782
Khalil,FUR,Brimstone,1.16,236.5,31,28,8,3,75.0,156.5,29.0,2,0,2,2,0,0.0,0.753
Cryocells,100T,Brimstone,1.133,215.0,49,46,19,3,82.0,144.7,33.7,7,3,4,3,1,0.33,0.745
Okeanos,EG,Brimstone,1.13,225.5,35,30,16,5,78.5,143.0,48.5,6,1,5,2,1,0.5,0.742
valyn,G2,Brimstone,1.154,215.9,164,141,89,23,78.1,140.3,25.1,26,9,17,10,9,0.9,0.738
s0m,NRG,Brimstone,1.125,205.6,168,155,135,13,82.3,133.1,26.0,20,22,-2,11,4,0.36,0.704
Demon1,ENVY,Brimstone,1.107,219.7,56,53,37,3,78.7,147.3,38.0,4,6,-2,3,1,0.33,0.698
NagZ,KRÜ,Brimstone,1.28,179.0,15,11,16,4,86.0,112.0,24.0,0,2,-2,1,0,0.0,0.687
kiNgg,LEV,Brimstone,1.135,225.0,68,54,20,14,68.5,150.2,37.0,3,7,-4,4,2,0.5,0.687
Melser,KRÜ,Brimstone,1.027,197.0,113,109,52,4,76.6,123.1,24.9,12,8,4,8,0,0.0,0.666
supamen,EG,Brimstone,1.14,198.7,41,40,40,1,74.0,141.0,33.0,7,6,1,3,2,0.67,0.666
Asuna,100T,Brimstone,0.992,192.4,76,78,50,-2,73.0,124.2,26.6,13,5,8,5,3,0.6,0.59
Kess,100T,Brimstone,1.056,189.0,64,68,58,-4,75.2,117.4,28.8,10,7,3,5,4,0.8,0.566
pANcada,LOUD,Brimstone,1.077,190.8,73,82,60,-9,77.3,137.5,36.2,8,6,2,6,2,0.33,0.565
yay,EG,Brimstone,0.93,188.0,11,13,7,-2,71.0,120.0,30.0,1,1,0,1,0,0.0,0.511
bao,EG,Brimstone,0.89,197.5,29,39,22,-10,67.5,138.5,26.0,1,9,-8,2,0,0.0,0.496
Mazino,MIBR,Brimstone,0.93,185.5,27,29,16,-2,72.0,120.0,23.5,4,6,-2,2,2,1.0,0.491
keiko,NRG,Brimstone,0.89,181.0,14,18,3,-4,64.0,117.0,48.0,1,2,-1,1,0,0.0,0.468
Zellsis,C9,Brimstone,0.925,157.0,43,52,34,-9,68.8,98.2,23.8,5,7,-2,4,2,0.5,0.456
xenom,MIBR,Brimstone,0.798,157.0,51,66,29,-15,68.2,99.8,35.5,3,7,-4,4,1,0.25,0.443
lz,2G,Brimstone,0.41,137.0,5,14,5,-9,64.0,90.0,41.0,1,0,1,1,0,0.0,0.428
bang,100T,Brimstone,0.52,122.0,6,16,7,-10,56.0,78.0,31.0,2,1,1,1,0,0.0,0.402
johnqt,SEN,Brimstone,0.64,89.0,7,17,5,-10,62.0,64.0,23.0,0,0,0,1,0,0.0,0.383
artzin,FUR,Brimstone,0.4,111.0,7,15,9,-8,71.0,82.0,36.0,0,3,-3,1,0,0.0,0.381
benG,KRÜ,Brimstone,0.57,110.0,5,12,6,-7,53.0,69.0,17.0,1,1,0,1,0,0.0,0.369
tuyz,FUR,Brimstone,0.72,104.0,6,13,8,-7,47.0,74.0,55.0,0,2,-2,1,0,0.0,0.353
Derrek,EG,Chamber,1.59,350.0,30,15,4,15,79.0,242.0,31.0,3,2,1,1,1,1.0,0.834
lukxo,LOUD,Chamber,1.443,279.7,77,44,8,33,75.7,174.7,34.7,12,10,2,3,0,0.0,0.816
koalanoob,FUR,Chamber,1.45,292.0,25,12,4,13,65.0,186.0,17.0,7,2,5,1,0,0.0,0.807
Demon1,ENVY,Chamber,1.252,256.5,91,65,14,26,76.0,171.0,40.5,19,10,9,4,4,1.0,0.784
Cryocells,100T,Chamber,1.261,231.1,262,175,34,87,76.9,149.6,25.8,57,27,30,14,9,0.64,0.76
BABYBAY,G2,Chamber,1.252,224.2,224,153,40,71,77.5,146.2,17.5,44,25,19,13,12,0.92,0.755
N4RRATE,SEN,Chamber,1.14,248.0,21,20,2,1,73.0,154.0,21.0,8,4,4,1,0,0.0,0.751
OXY,C9,Chamber,1.202,241.0,82,57,8,25,69.2,150.0,23.0,20,11,9,4,2,0.5,0.745
leaf,G2,Chamber,1.22,231.4,142,108,24,34,71.0,147.8,26.8,31,19,12,8,7,0.88,0.744
heat,FUR,Chamber,1.225,225.5,31,27,7,4,67.0,141.0,19.0,8,5,3,2,0,0.0,0.73
yay,EG,Chamber,1.057,233.7,107,95,10,12,61.3,145.3,33.7,23,22,1,6,2,0.33,0.694
PxS,LEV,Chamber,1.035,159.0,24,23,4,1,71.5,104.5,25.0,6,2,4,2,1,0.5,0.627
Shyy,KRÜ,Chamber,0.99,200.5,27,28,10,-1,69.5,133.0,27.0,4,4,0,2,0,0.0,0.565
Neon,LEV,Chamber,0.84,154.0,14,14,3,0,65.0,107.0,19.0,2,3,-1,1,1,1.0,0.516
NagZ,KRÜ,Chamber,0.95,164.5,23,28,6,-5,64.5,120.0,24.0,6,5,1,2,0,0.0,0.511
tex,MIBR,Chamber,0.85,157.3,35,37,6,-2,62.0,107.0,25.3,2,7,-5,3,1,0.33,0.466
penny,C9,Chamber,0.64,108.0,6,11,3,-5,80.0,73.0,6.0,0,1,-1,1,0,0.0,0.407
infiltrator,KRÜ,Chamber,0.49,139.0,7,15,2,-8,41.0,90.0,32.0,3,7,-4,1,0,0.0,0.345
Cryocells,100T,Clove,1.12,245.5,35,30,12,5,83.5,168.5,23.0,8,4,4,2,2,1.0,0.777
Xeppaa,C9,Clove,1.13,305.0,28,25,6,3,73.0,185.0,18.0,4,4,0,1,1,1.0,0.768
heat,FUR,Clove,0.837,177.3,52,54,17,-2,64.7,119.7,45.7,7,6,1,3,1,0.33,0.522
yay,EG,Clove,0.836,202.2,130,147,46,-17,69.1,132.8,34.5,14,26,-12,8,5,0.62,0.492
jakee,FUR,Clove,0.77,162.0,10,16,10,-6,75.0,111.0,26.0,0,3,-3,1,1,1.0,0.463
yay,EG,Cypher,1.148,257.5,78,63,8,15,67.8,166.5,36.5,15,8,7,4,2,0.5,0.755
lukxo,LOUD,Cypher,1.144,242.2,133,106,24,27,71.4,157.2,35.1,26,9,17,8,3,0.38,0.748
Add3r,FUR,Cypher,1.18,235.0,18,14,0,4,75.0,148.0,34.0,1,2,-1,1,1,1.0,0.707
silentzz,2G,Cypher,1.182,194.5,62,48,11,14,72.2,132.0,49.8,6,6,0,4,3,0.75,0.693
Shyy,KRÜ,Cypher,1.042,185.2,237,227,87,10,75.2,125.4,27.2,25,19,6,18,0,0.0,0.657
cortezia,SEN,Cypher,0.949,198.1,273,255,47,18,67.6,129.7,40.2,30,32,-2,17,8,0.47,0.655
johnqt,SEN,Cypher,1.042,186.6,71,63,26,8,68.8,128.0,28.4,5,7,-2,5,2,0.4,0.649
leaf,G2,Cypher,0.99,205.0,18,19,5,-1,71.0,139.0,24.0,2,3,-1,1,0,0.0,0.517
neT,C9,Cypher,0.924,169.5,160,172,52,-12,71.5,111.3,33.7,21,20,1,12,6,0.5,0.501
Zellsis,C9,Cypher,0.872,184.8,74,84,27,-10,63.2,123.3,25.3,11,16,-5,6,3,0.5,0.47
icy,EG,Cypher,0.797,144.2,62,86,25,-24,63.7,98.2,34.2,8,4,4,6,2,0.33,0.469
tex,MIBR,Cypher,0.88,164.0,156,173,44,-17,66.8,107.4,31.3,22,26,-4,12,7,0.58,0.464
tuyz,LOUD,Cypher,0.866,153.9,130,154,61,-24,71.1,103.6,31.3,17,21,-4,11,6,0.55,0.462
Kess,100T,Cypher,0.784,159.1,79,99,18,-20,65.0,100.7,36.4,9,10,-1,7,2,0.29,0.452
heat,FUR,Cypher,0.717,165.1,72,97,15,-25,62.3,114.1,39.9,8,13,-5,7,0,0.0,0.437
skuba,NRG,Cypher,0.75,145.0,24,32,14,-8,68.0,96.5,25.0,0,4,-4,2,0,0.0,0.43
FiNESSE,NRG,Cypher,0.702,144.0,72,121,50,-49,62.5,102.0,17.8,10,23,-13,8,3,0.38,0.418
s0m,NRG,Cypher,0.55,134.0,8,15,4,-7,53.0,99.0,20.0,1,1,0,1,0,0.0,0.398
Boostio,100T,Cypher,0.564,133.2,46,80,16,-34,58.0,88.8,37.0,7,12,-5,5,3,0.6,0.381
gobera,2G,Cypher,0.579,138.9,65,112,20,-47,49.9,94.1,31.0,10,13,-3,7,0,0.0,0.377
Urango,FUR,Deadlock,1.09,225.0,13,12,4,1,67.0,142.0,41.0,1,1,0,1,0,0.0,0.695
BABYBAY,G2,Deadlock,1.02,165.0,12,10,2,2,85.0,100.0,22.0,1,1,0,1,1,1.0,0.665
tuyz,LOUD,Deadlock,1.16,204.0,13,14,5,-1,72.0,132.0,37.0,3,1,2,1,0,0.0,0.574
leaf,G2,Deadlock,0.95,206.5,31,33,13,-2,61.0,136.0,30.5,7,4,3,2,2,1.0,0.535
neT,C9,Deadlock,0.866,183.0,91,106,30,-15,68.4,121.0,33.6,11,13,-2,7,3,0.43,0.486
artzin,FUR,Deadlock,0.75,175.0,13,18,6,-5,68.0,115.0,42.0,1,4,-3,1,0,0.0,0.456
Mazino,MIBR,Deadlock,0.65,172.0,11,17,2,-6,63.0,116.0,25.0,0,1,-1,1,0,0.0,0.436
Zellsis,C9,Deadlock,0.74,178.0,12,16,1,-4,58.0,108.0,26.0,1,2,-1,1,0,0.0,0.434
adverso,FUR,Deadlock,0.61,142.0,8,15,3,-7,35.0,80.0,24.0,2,5,-3,1,0,0.0,0.343
s0m,NRG,Deadlock,0.25,80.0,4,15,3,-11,47.0,63.0,63.0,0,4,-4,1,0,0.0,0.317
Rossy,ENVY,Deadlock,0.37,73.0,4,14,0,-10,38.0,60.0,29.0,0,3,-3,1,0,0.0,0.3
Kess,100T,Fade,1.165,193.5,28,24,16,4,79.5,121.0,20.5,2,1,1,2,2,1.0,0.718
Ethan,NRG,Fade,1.125,222.8,100,88,48,12,78.3,136.7,22.8,10,10,0,6,5,0.83,0.715
N4RRATE,SEN,Fade,1.082,208.3,387,375,223,12,76.3,134.4,22.4,56,41,15,26,18,0.69,0.681
trent,G2,Fade,1.099,182.6,185,164,91,21,79.9,121.1,28.0,13,18,-5,14,11,0.79,0.671
eeiu,FUR,Fade,1.066,186.0,327,282,142,45,75.8,119.5,33.7,26,33,-7,22,11,0.5,0.662
nataNk,LEV,Fade,1.04,196.5,26,22,10,4,75.5,126.5,26.0,2,6,-4,2,1,0.5,0.661
Mazino,MIBR,Fade,0.985,206.0,61,60,35,1,73.5,125.0,21.8,7,8,-1,4,0,0.0,0.612
leaf,G2,Fade,1.13,238.0,26,28,10,-2,75.0,152.0,26.0,4,0,4,2,0,0.0,0.606
vora,100T,Fade,1.02,191.5,132,138,63,-6,74.0,129.5,31.6,19,18,1,10,6,0.6,0.567
JonahP,G2,Fade,1.037,193.0,170,174,120,-4,77.4,120.0,22.5,13,25,-12,11,8,0.73,0.561
Verno,MIBR,Fade,0.945,178.5,167,175,88,-8,76.8,113.1,27.7,19,16,3,12,5,0.42,0.549
adverso,FUR,Fade,0.98,207.7,42,48,22,-6,77.7,131.7,18.0,5,5,0,3,1,0.33,0.546
blowz,LEV,Fade,0.991,171.5,104,106,43,-2,73.8,112.1,27.1,6,10,-4,8,4,0.5,0.542
PxS,LEV,Fade,0.93,192.3,43,46,19,-3,77.0,125.3,33.3,5,6,-1,3,1,0.33,0.514
tuyz,LOUD,Fade,0.87,164.0,16,19,10,-3,81.0,111.0,30.0,1,1,0,1,0,0.0,0.506
NaturE,EG,Fade,0.91,179.7,120,141,70,-21,71.7,112.3,22.0,11,13,-2,9,5,0.56,0.492
C0M,EG,Fade,0.867,148.0,120,154,80,-34,71.4,102.0,27.9,15,14,1,11,5,0.45,0.478
mitch,C9,Fade,0.8,159.0,77,108,59,-31,73.3,105.1,20.3,10,20,-10,7,3,0.43,0.457
pryze,2G,Fade,0.819,173.6,116,148,60,-32,64.1,115.1,22.7,6,16,-10,9,1,0.11,0.456
Kyu,SEN,Fade,0.825,169.5,30,40,14,-10,65.0,109.0,15.0,3,4,-1,2,0,0.0,0.452
cauanzin,LOUD,Fade,0.75,165.0,48,65,25,-17,67.0,104.5,22.2,7,9,-2,4,1,0.25,0.443
johnqt,SEN,Fade,0.77,122.0,8,12,10,-4,81.0,71.0,14.0,0,1,-1,1,0,0.0,0.428
P0PPIN,ENVY,Fade,0.67,157.0,36,51,21,-15,65.7,96.0,38.3,5,8,-3,3,1,0.33,0.423
brawk,NRG,Fade,0.747,140.0,44,64,31,-20,63.5,93.0,20.8,4,6,-2,4,1,0.25,0.416
Melser,KRÜ,Fade,0.775,136.0,19,26,11,-7,62.0,89.0,23.5,2,3,-1,2,0,0.0,0.412
Governor,KRÜ,Fade,0.693,146.7,34,51,17,-17,59.3,96.3,22.0,4,9,-5,3,0,0.0,0.408
nzr,MIBR,Fade,0.725,147.5,21,30,6,-9,55.0,101.5,18.5,0,1,-1,2,0,0.0,0.408
RobbieBk,LOUD,Fade,0.66,132.0,19,35,18,-16,59.0,83.0,29.0,1,3,-2,2,0,0.0,0.389
Xeppaa,C9,Fade,0.605,108.0,16,33,16,-17,56.5,72.0,25.0,3,4,-1,2,0,0.0,0.359
brawk,NRG,Gekko,1.22,225.0,17,13,7,4,71.0,153.0,13.0,2,1,1,1,1,1.0,0.744
N4RRATE,SEN,Gekko,0.915,191.5,31,31,10,0,61.5,135.5,21.0,4,5,-1,2,2,1.0,0.554
cauanzin,LOUD,Gekko,0.95,205.7,45,50,17,-5,74.0,132.7,27.7,6,9,-3,3,1,0.33,0.515
Asuna,100T,Gekko,0.885,181.8,53,62,29,-9,70.0,114.2,25.0,3,10,-7,4,2,0.5,0.477
jawgemo,G2,Gekko,0.895,158.0,22,29,13,-7,71.0,104.5,26.5,1,5,-4,2,1,0.5,0.462
tex,MIBR,Gekko,0.645,126.0,18,29,8,-11,63.5,82.0,32.5,4,3,1,2,1,0.5,0.434
Boostio,100T,Gekko,0.647,137.0,31,48,20,-17,63.7,86.7,26.7,1,7,-6,3,1,0.33,0.401
Derrek,EG,Gekko,0.48,106.0,6,15,4,-9,53.0,78.0,31.0,0,2,-2,1,0,0.0,0.343
Ethan,NRG,Harbor,1.272,221.2,61,53,39,8,80.0,140.8,25.5,6,5,1,4,3,0.75,0.746
s0m,NRG,Harbor,1.02,239.0,18,17,7,1,86.0,161.0,37.0,1,3,-2,1,0,0.0,0.721
Mazino,MIBR,Harbor,1.082,224.4,87,74,22,13,77.0,151.4,28.6,9,12,-3,5,0,0.0,0.697
mitch,C9,Harbor,1.08,196.0,34,28,17,6,65.5,126.5,17.5,3,6,-3,2,0,0.0,0.646
valyn,G2,Harbor,0.98,199.0,30,29,7,1,68.0,131.5,30.0,3,5,-2,2,1,0.5,0.609
Okeanos,EG,Harbor,0.855,195.0,28,32,10,-4,65.5,117.0,60.5,1,3,-2,2,0,0.0,0.474
artzin,FUR,Harbor,0.799,181.1,88,97,33,-9,70.4,117.1,26.6,15,20,-5,7,7,1.0,0.47
pANcada,LOUD,Harbor,0.81,114.0,22,26,18,-4,79.0,66.0,63.0,2,2,0,2,0,0.0,0.443
Cryocells,100T,Iso,1.188,234.8,87,69,34,18,74.4,157.6,30.2,11,8,3,5,3,0.6,0.755
BABYBAY,G2,Iso,0.95,227.0,19,18,7,1,67.0,153.0,26.0,3,5,-2,1,1,1.0,0.667
v1c,C9,Iso,0.94,194.5,33,32,7,1,70.5,129.5,29.5,7,10,-3,2,2,1.0,0.606
jawgemo,G2,Iso,0.94,235.0,15,17,9,-2,85.0,147.0,30.0,4,2,2,1,1,1.0,0.6
keznit,ENVY,Iso,0.997,198.2,90,90,37,0,77.2,132.5,30.3,8,15,-7,6,0,0.0,0.593
N4RRATE,SEN,Iso,0.845,208.0,30,37,15,-7,66.5,136.0,28.5,8,5,3,2,0,0.0,0.535
artzin,FUR,Iso,0.95,232.0,17,18,5,-1,59.0,152.0,23.0,2,2,0,1,0,0.0,0.533
silentzz,2G,Iso,0.846,219.8,71,85,11,-14,61.8,148.8,45.8,10,13,-3,5,0,0.0,0.499
mada,NRG,Jett,1.225,246.5,192,146,35,46,76.7,156.5,25.8,55,36,19,11,6,0.55,0.768
aspas,MIBR,Jett,1.226,240.8,717,509,103,208,75.9,153.9,27.8,158,105,53,39,25,0.64,0.762
OXY,C9,Jett,1.093,253.8,339,297,51,42,71.5,158.0,28.2,85,62,23,18,8,0.44,0.749
gobera,2G,Jett,1.27,241.0,13,12,3,1,69.0,143.0,34.0,2,0,2,1,0,0.0,0.747
keznit,ENVY,Jett,1.133,235.2,268,221,44,47,72.5,147.6,26.0,75,49,26,15,2,0.13,0.739
Cryocells,100T,Jett,1.154,243.1,164,125,17,39,76.0,154.6,28.1,26,28,-2,8,2,0.25,0.725
zekken,MIBR,Jett,1.056,226.4,177,147,26,30,70.9,149.7,29.7,48,38,10,10,5,0.5,0.725
silentzz,2G,Jett,1.11,228.7,52,37,2,15,67.0,146.7,26.7,14,10,4,3,1,0.33,0.723
Neon,LEV,Jett,1.26,234.0,16,14,2,2,70.0,167.0,36.0,3,4,-1,1,0,0.0,0.718
Virtyy,LOUD,Jett,1.102,206.4,86,68,15,18,74.0,130.8,28.6,20,18,2,5,3,0.6,0.71
dgzin,EG,Jett,1.016,213.6,115,102,21,13,70.4,140.7,24.6,31,21,10,7,2,0.29,0.708
yay,EG,Jett,1.008,225.1,198,184,35,14,64.8,146.7,28.6,60,51,9,11,6,0.55,0.706
penny,C9,Jett,0.85,192.0,15,14,1,1,75.0,110.0,24.0,3,2,1,1,1,1.0,0.669
Demon1,ENVY,Jett,0.954,231.0,84,83,19,1,67.4,152.0,32.6,19,19,0,5,1,0.2,0.634
koalanoob,FUR,Jett,1.017,228.3,48,47,10,1,71.7,137.3,22.0,10,11,-1,3,2,0.67,0.633
Dantedeu5,KRÜ,Jett,1.087,218.3,33,33,17,0,81.7,142.3,22.7,4,9,-5,3,0,0.0,0.627
Askia,2G,Jett,0.978,213.0,62,62,13,0,74.2,146.5,29.0,13,13,0,4,1,0.25,0.623
Timotino,100T,Jett,0.97,246.0,21,21,2,0,67.0,165.0,31.0,5,6,-1,1,0,0.0,0.615
icy,EG,Jett,0.888,191.0,58,63,8,-5,63.2,117.5,27.0,11,18,-7,4,1,0.25,0.471
Sato,LEV,Jett,0.84,196.5,63,67,9,-4,58.8,127.5,35.2,13,21,-8,4,0,0.0,0.467
havoc,FUR,Jett,0.662,187.6,60,80,13,-20,58.0,118.4,29.6,23,25,-2,5,1,0.2,0.441
infiltrator,KRÜ,Jett,0.73,162.0,11,17,4,-6,62.0,106.0,26.0,3,5,-2,1,0,0.0,0.431
jawgemo,G2,Jett,0.47,114.0,7,17,6,-10,70.0,86.0,26.0,1,4,-3,1,0,0.0,0.383
Mazino,MIBR,Kayo,1.123,217.9,151,139,94,12,73.1,136.3,29.0,19,21,-2,10,3,0.3,0.694
Darker,LOUD,Kayo,1.035,190.0,34,35,18,-1,70.0,120.5,18.0,4,4,0,2,1,0.5,0.557
Okeanos,EG,Kayo,1.015,176.2,46,57,59,-11,79.2,120.5,31.2,5,4,1,4,2,0.5,0.541
JonahP,G2,Kayo,0.995,172.2,70,79,91,-9,81.0,104.7,18.2,11,6,5,6,5,0.83,0.54
NaturE,EG,Kayo,0.937,194.8,84,99,76,-15,78.3,123.0,21.3,11,11,0,6,4,0.67,0.531
cauanzin,LOUD,Kayo,0.875,204.0,26,31,11,-5,60.0,135.0,19.0,3,2,1,2,1,0.5,0.524
Ethan,NRG,Kayo,0.988,183.5,197,225,172,-28,75.4,119.0,23.1,20,24,-4,16,9,0.56,0.512
spike,LEV,Kayo,0.942,193.0,62,74,59,-12,69.0,116.6,24.2,9,10,-1,5,2,0.4,0.501
Asuna,100T,Kayo,0.976,172.4,108,122,104,-14,75.7,106.1,21.6,10,14,-4,9,3,0.33,0.49
Zellsis,C9,Kayo,1.0,181.2,105,118,116,-13,73.1,106.8,21.2,9,13,-4,8,5,0.62,0.49
johnqt,SEN,Kayo,0.975,170.8,52,60,55,-8,76.0,111.5,25.0,3,5,-2,4,2,0.5,0.49
v1nny,LOUD,Kayo,0.878,158.8,48,63,56,-15,73.0,113.0,33.0,1,12,-11,4,1,0.25,0.47
mta,KRÜ,Kayo,0.93,169.5,20,27,17,-7,67.0,110.0,32.5,2,3,-1,2,0,0.0,0.467
artzin,FUR,Kayo,0.777,178.6,187,245,124,-58,67.9,115.7,17.8,34,53,-19,14,7,0.5,0.461
PxS,LEV,Kayo,0.745,152.5,42,63,45,-21,81.2,94.8,25.5,6,10,-4,4,1,0.25,0.456
Rossy,ENVY,Kayo,0.66,126.5,15,29,26,-14,79.0,84.5,21.0,4,4,0,2,1,0.5,0.445
mitch,C9,Kayo,0.6,154.5,19,36,25,-17,57.0,93.0,21.5,1,7,-6,2,0,0.0,0.396
raafa,FUR,Kayo,0.477,130.0,39,91,39,-52,56.3,86.3,20.5,5,14,-9,6,1,0.17,0.366
gobera,2G,Killjoy,2.08,356.0,21,8,2,13,93.0,236.0,31.0,0,1,-1,1,1,1.0,0.818
leaf,G2,Killjoy,1.345,282.0,43,29,5,14,79.0,180.5,24.0,6,2,4,2,1,0.5,0.818
keiko,NRG,Killjoy,1.36,243.7,43,29,9,14,85.3,161.7,31.7,8,0,8,3,2,0.67,0.8
icy,EG,Killjoy,1.15,254.5,49,38,6,11,69.0,172.5,32.5,6,5,1,2,2,1.0,0.76
bao,EG,Killjoy,1.07,208.8,73,62,20,11,73.2,150.0,26.0,7,4,3,4,2,0.5,0.723
artzin,FUR,Killjoy,1.31,180.0,16,11,6,5,75.0,133.0,29.0,1,1,0,1,1,1.0,0.705
skuba,NRG,Killjoy,1.162,189.3,88,69,20,19,77.3,134.8,28.0,7,8,-1,6,4,0.67,0.693
Shyy,KRÜ,Killjoy,1.076,177.8,73,59,14,14,73.4,116.2,22.8,7,6,1,5,0,0.0,0.674
Inspire,ENVY,Killjoy,1.19,180.5,37,30,14,7,70.5,133.0,23.5,3,5,-2,2,1,0.5,0.663
Zellsis,C9,Killjoy,1.003,194.9,124,120,29,4,70.7,132.4,24.4,20,19,1,9,6,0.67,0.637
s0m,NRG,Killjoy,0.94,201.0,43,44,12,-1,76.3,132.3,32.0,9,5,4,3,3,1.0,0.605
lukxo,LOUD,Killjoy,0.928,213.6,74,75,14,-1,61.6,143.4,32.4,13,15,-2,5,0,0.0,0.561
Xeppaa,C9,Killjoy,0.893,185.4,98,107,25,-9,71.4,128.4,24.6,10,10,0,7,5,0.71,0.512
yay,EG,Killjoy,0.875,171.5,24,31,10,-7,66.0,117.0,21.0,7,3,4,2,1,0.5,0.507
Kess,100T,Killjoy,0.76,160.0,25,36,10,-11,67.5,117.0,25.5,5,3,2,2,0,0.0,0.492
cortezia,SEN,Killjoy,0.911,174.6,172,183,51,-11,68.9,125.1,30.2,17,27,-10,13,11,0.85,0.492
tex,MIBR,Killjoy,0.83,177.7,167,184,25,-17,68.4,120.8,35.3,19,29,-10,12,2,0.17,0.471
Boostio,100T,Killjoy,0.73,172.4,95,131,21,-36,59.7,117.1,29.7,19,19,0,7,3,0.43,0.46
RobbieBk,LOUD,Killjoy,0.73,159.5,27,35,5,-8,60.5,113.5,34.0,2,2,0,2,1,0.5,0.453
neT,C9,Killjoy,0.69,149.0,37,53,10,-16,69.0,101.0,27.3,4,4,0,3,1,0.33,0.451
Rossy,ENVY,Killjoy,0.9,151.0,15,20,6,-5,63.0,107.0,30.0,0,1,-1,1,0,0.0,0.446
NagZ,KRÜ,Killjoy,0.87,142.0,18,28,10,-10,64.0,110.5,25.5,1,3,-2,2,0,0.0,0.443
heat,FUR,Killjoy,0.68,145.0,9,12,0,-3,56.0,100.0,36.0,0,0,0,1,0,0.0,0.423
FiNESSE,NRG,Killjoy,0.71,133.2,49,72,16,-23,68.6,94.4,20.2,4,8,-4,5,2,0.4,0.42
silentzz,2G,Killjoy,0.64,153.5,20,33,2,-13,57.5,100.0,21.5,0,2,-2,2,0,0.0,0.405
Urango,FUR,Killjoy,0.205,114.0,10,30,3,-20,45.0,82.0,20.0,2,8,-6,2,0,0.0,0.334
spike,LEV,Neon,1.094,263.9,132,109,31,23,71.6,167.6,22.1,37,30,7,7,3,0.43,0.76
dgzin,EG,Neon,1.181,248.9,155,121,29,34,74.0,155.2,26.6,43,24,19,8,5,0.62,0.759
zekken,MIBR,Neon,1.165,239.0,254,206,72,48,75.5,150.3,26.7,63,53,10,15,10,0.67,0.752
jawgemo,G2,Neon,1.04,244.5,107,97,25,10,73.2,149.0,24.0,29,19,10,6,5,0.83,0.736
Demon1,ENVY,Neon,1.14,262.0,22,18,3,4,65.0,172.0,26.0,4,4,0,1,0,0.0,0.734
OXY,C9,Neon,1.029,243.1,259,240,58,19,71.6,154.6,29.9,66,60,6,14,7,0.5,0.732
mada,NRG,Neon,1.067,226.6,223,193,49,30,67.8,142.5,29.4,55,50,5,13,6,0.46,0.711
N4RRATE,SEN,Neon,1.0,229.0,39,35,7,4,62.0,150.0,32.0,8,7,1,2,0,0.0,0.704
Sato,LEV,Neon,1.025,240.8,71,62,15,9,74.0,154.0,33.5,12,16,-4,4,2,0.5,0.696
aspas,MIBR,Neon,0.946,214.6,139,133,32,6,67.0,141.2,25.8,34,27,7,8,3,0.38,0.678
keiko,NRG,Neon,1.05,212.5,34,31,7,3,69.5,137.5,26.5,2,6,-4,2,1,0.5,0.665
keznit,ENVY,Neon,0.987,227.0,121,119,30,2,70.2,150.3,24.8,26,31,-5,6,1,0.17,0.628
Timotino,100T,Neon,0.89,227.5,35,36,10,-1,63.5,145.5,38.5,9,7,2,2,1,0.5,0.585
havoc,FUR,Neon,0.828,216.5,70,76,17,-6,68.5,133.2,36.8,22,15,7,4,1,0.25,0.539
alym,FUR,Neon,0.845,190.5,30,35,10,-5,72.5,122.5,29.0,8,5,3,2,1,0.5,0.529
Asuna,100T,Neon,0.887,199.6,260,299,106,-39,70.7,130.6,25.2,66,72,-6,19,9,0.47,0.506
penny,C9,Neon,0.89,203.0,56,60,21,-4,66.3,133.0,23.3,11,16,-5,3,2,0.67,0.493
Okeanos,EG,Neon,0.85,187.8,77,86,20,-9,71.4,128.4,26.8,10,15,-5,5,4,0.8,0.488
kiNgg,LEV,Neon,0.795,190.5,34,40,16,-6,69.5,115.5,21.0,8,9,-1,2,1,0.5,0.472
Virtyy,LOUD,Neon,0.81,200.3,77,96,21,-19,63.5,122.0,25.8,20,25,-5,6,1,0.17,0.471
icy,EG,Neon,0.77,176.2,55,64,15,-9,70.0,117.0,27.5,7,16,-9,4,2,0.5,0.464
Palla,FUR,Neon,0.683,197.0,76,102,17,-26,57.7,127.0,29.3,14,30,-16,6,1,0.17,0.449
infiltrator,KRÜ,Neon,0.657,184.3,37,56,16,-19,64.3,118.7,24.7,10,12,-2,3,0,0.0,0.447
Dantedeu5,KRÜ,Neon,0.64,146.6,45,71,21,-26,62.2,98.4,21.2,9,20,-11,5,0,0.0,0.41
jakee,FUR,Omen,1.59,280.0,19,9,8,10,89.0,176.0,24.0,1,1,0,1,1,1.0,0.82
koalanoob,FUR,Omen,1.15,250.2,74,59,25,15,76.2,154.5,30.8,16,15,1,4,4,1.0,0.749
Derrek,EG,Omen,1.11,230.5,71,64,21,7,74.0,142.8,38.0,7,5,2,4,2,0.5,0.734
Okeanos,EG,Omen,1.115,215.2,160,132,78,28,75.7,138.9,33.5,21,17,4,10,5,0.5,0.724
artzin,FUR,Omen,1.167,206.7,43,34,27,9,86.0,131.7,24.3,3,4,-1,3,3,1.0,0.709
bang,100T,Omen,1.095,199.3,725,647,388,78,76.8,123.5,34.4,84,75,9,49,30,0.61,0.697
valyn,G2,Omen,1.069,204.8,630,562,301,68,76.0,128.9,25.0,60,75,-15,41,31,0.76,0.676
s0m,NRG,Omen,1.034,198.1,331,312,183,19,74.6,125.8,27.8,39,49,-10,22,12,0.55,0.651
keiko,NRG,Omen,1.004,196.4,71,69,30,2,72.0,123.8,37.0,13,7,6,5,4,0.8,0.648
lukxo,LOUD,Omen,1.025,222.0,36,36,11,0,73.0,140.5,29.5,11,6,5,2,1,0.5,0.647
v1c,C9,Omen,1.039,193.0,518,505,317,13,76.2,126.9,29.5,59,53,6,35,19,0.54,0.644
kiNgg,LEV,Omen,1.059,192.2,278,271,155,7,74.4,122.2,30.0,36,37,-1,19,11,0.58,0.63
skuba,NRG,Omen,1.05,198.0,13,14,10,-1,63.0,132.0,31.0,2,0,2,1,0,0.0,0.543
keznit,ENVY,Omen,0.94,196.0,23,28,12,-5,68.0,129.0,28.5,5,4,1,2,0,0.0,0.538
Melser,KRÜ,Omen,0.996,168.6,309,318,189,-9,75.2,109.0,27.7,36,47,-11,25,0,0.0,0.537
gobera,2G,Omen,0.89,190.0,10,12,7,-2,87.0,116.0,29.0,1,1,0,1,0,0.0,0.535
Khalil,FUR,Omen,0.965,188.7,147,154,52,-7,73.0,122.4,33.8,16,22,-6,10,2,0.2,0.521
Ethan,NRG,Omen,1.003,199.7,123,133,88,-10,75.2,132.2,25.2,17,22,-5,9,4,0.44,0.519
johnqt,SEN,Omen,1.053,183.7,43,47,33,-4,75.3,127.3,27.7,2,5,-3,3,0,0.0,0.514
pANcada,LOUD,Omen,0.902,172.9,290,339,147,-49,69.3,117.2,34.4,35,30,5,23,7,0.3,0.505
zekken,MIBR,Omen,0.911,194.6,115,136,76,-21,73.4,127.7,28.2,15,26,-11,9,3,0.33,0.501
xenom,MIBR,Omen,0.913,177.8,244,265,142,-21,72.6,115.0,31.8,24,26,-2,18,5,0.28,0.5
Demon1,ENVY,Omen,0.963,193.5,49,56,30,-7,69.0,127.5,41.0,6,8,-2,4,1,0.25,0.498
zander,100T,Omen,0.94,183.7,253,275,176,-22,73.1,116.0,24.7,36,42,-6,19,11,0.58,0.498
Rossy,ENVY,Omen,0.973,189.5,87,94,47,-7,66.5,118.3,27.7,5,7,-2,6,1,0.17,0.493
cortezia,SEN,Omen,0.874,180.4,102,117,48,-15,66.7,115.1,37.6,14,14,0,7,3,0.43,0.491
Mazino,MIBR,Omen,0.907,168.7,40,45,26,-5,72.7,115.7,24.7,3,4,-1,3,1,0.33,0.486
lz,2G,Omen,0.92,175.8,258,287,166,-29,71.0,111.4,41.5,37,46,-9,20,6,0.3,0.48
supamen,EG,Omen,0.899,174.3,174,195,86,-21,70.3,109.9,36.3,19,27,-8,13,4,0.31,0.473
N4RRATE,SEN,Omen,0.82,165.0,34,44,23,-10,70.7,110.3,31.3,4,5,-1,3,2,0.67,0.468
tuyz,FUR,Omen,0.675,138.9,87,139,63,-52,68.1,92.9,29.2,10,14,-4,10,1,0.1,0.421
Asuna,100T,Omen,0.767,143.3,32,46,26,-14,60.0,92.7,22.7,3,7,-4,3,1,0.33,0.413
benG,KRÜ,Omen,0.45,119.0,6,15,5,-9,67.0,81.0,32.0,1,3,-2,1,0,0.0,0.377
bao,EG,Omen,0.46,84.0,11,30,19,-19,68.5,55.5,26.0,0,4,-4,2,1,0.5,0.356
Reduxx,SEN,Omen,0.49,123.0,9,20,9,-11,54.0,79.0,37.0,5,6,-1,1,0,0.0,0.355
Zap,2G,Omen,0.39,86.0,5,13,1,-8,44.0,59.0,27.0,2,2,0,1,0,0.0,0.332
jawgemo,G2,Phoenix,0.965,233.0,26,25,16,1,73.0,148.0,17.5,8,4,4,2,2,1.0,0.686
yay,EG,Phoenix,0.92,237.0,17,18,8,-1,61.0,175.0,35.0,3,3,0,1,0,0.0,0.551
nataNk,LEV,Phoenix,0.71,180.0,12,19,11,-7,77.0,120.0,17.0,2,2,0,1,0,0.0,0.496
Sato,LEV,Raze,1.176,265.8,94,82,19,12,73.4,174.8,27.6,21,19,2,5,3,0.6,0.774
Asuna,100T,Raze,1.125,243.9,254,220,73,34,74.5,161.2,19.4,67,57,10,15,9,0.6,0.755
jawgemo,G2,Raze,1.055,256.0,36,31,12,5,78.0,148.5,11.0,10,7,3,2,2,1.0,0.752
nataNk,LEV,Raze,1.04,253.0,19,17,4,2,73.0,167.0,24.0,7,5,2,1,0,0.0,0.752
zekken,MIBR,Raze,1.115,234.9,166,138,40,28,74.3,153.2,19.9,42,39,3,10,7,0.7,0.736
mta,KRÜ,Raze,1.14,220.0,18,17,2,1,78.0,129.0,20.0,5,2,3,1,0,0.0,0.731
aspas,MIBR,Raze,1.092,219.0,270,231,52,39,73.6,147.9,21.8,50,40,10,16,5,0.31,0.729
keznit,ENVY,Raze,1.062,228.5,174,161,49,13,73.9,149.6,19.3,31,27,4,11,0,0.0,0.727
dgzin,EG,Raze,1.059,229.6,125,110,24,15,67.6,147.4,26.4,23,22,1,7,3,0.43,0.704
penny,C9,Raze,1.088,216.5,96,83,32,13,73.2,142.3,22.8,13,18,-5,6,5,0.83,0.681
OXY,C9,Raze,1.037,232.1,241,229,60,12,73.5,152.4,23.7,46,55,-9,14,9,0.64,0.68
Demon1,ENVY,Raze,1.027,205.0,49,43,13,6,75.7,138.7,23.3,3,11,-8,3,2,0.67,0.671
mada,NRG,Raze,1.026,227.3,352,337,80,15,68.9,146.3,23.2,99,102,-3,21,9,0.43,0.669
artzin,FUR,Raze,0.98,227.8,83,79,20,4,71.4,144.2,17.4,18,23,-5,5,3,0.6,0.659
icy,EG,Raze,1.042,226.2,269,258,61,11,70.3,150.2,22.9,55,65,-10,16,8,0.5,0.659
Virtyy,LOUD,Raze,1.032,220.2,69,67,16,2,69.2,139.0,19.8,16,26,-10,4,1,0.25,0.632
Askia,2G,Raze,0.91,199.0,15,16,1,-1,57.0,147.0,33.0,2,4,-2,1,0,0.0,0.485
Dantedeu5,KRÜ,Raze,0.82,176.0,10,14,3,-4,61.0,119.0,31.0,4,6,-2,1,0,0.0,0.454
havoc,FUR,Raze,0.687,190.7,34,46,11,-12,57.7,133.3,21.7,9,12,-3,3,0,0.0,0.45
silentzz,2G,Raze,0.415,138.0,14,32,4,-18,44.0,99.5,19.5,7,7,0,2,0,0.0,0.376
Palla,FUR,Raze,0.57,164.0,8,16,3,-8,35.0,111.0,18.0,1,3,-2,1,0,0.0,0.369
mada,NRG,Reyna,1.55,345.0,24,16,8,8,76.0,242.0,34.0,7,4,3,1,1,1.0,0.828
dgzin,EG,Reyna,0.67,186.0,15,19,6,-4,63.0,124.0,53.0,5,4,1,1,0,0.0,0.492
Cryocells,100T,Sage,1.374,256.4,93,66,33,27,76.6,173.4,28.8,11,5,6,5,3,0.6,0.799
JonahP,G2,Sage,1.086,177.6,64,60,41,4,77.6,118.8,24.4,8,5,3,5,4,0.8,0.683
Asuna,100T,Sage,1.012,173.5,131,143,98,-12,79.1,109.0,20.2,10,18,-8,10,5,0.5,0.5
johnqt,SEN,Sage,0.857,132.0,26,38,33,-12,78.7,83.7,24.3,2,2,0,3,1,0.33,0.467
Okeanos,EG,Sage,0.95,154.0,13,15,11,-2,71.0,99.0,30.0,2,4,-2,1,0,0.0,0.462
Zellsis,C9,Sage,0.89,165.0,12,17,12,-5,67.0,101.0,12.0,0,2,-2,1,0,0.0,0.455
Urango,FUR,Sage,0.685,142.2,38,63,26,-25,69.5,92.8,35.0,0,11,-11,4,1,0.25,0.422
raafa,FUR,Sage,0.62,134.5,18,29,7,-11,56.5,85.5,17.5,1,4,-3,2,0,0.0,0.383
nataNk,LEV,Skye,1.235,216.0,34,27,17,7,76.0,149.0,30.5,6,6,0,2,1,0.5,0.727
trent,G2,Skye,1.17,197.3,95,83,58,12,76.3,129.8,31.3,8,3,5,6,6,1.0,0.72
Xeppaa,C9,Skye,1.034,182.4,68,64,56,4,78.4,117.4,26.4,2,3,-1,5,4,0.8,0.651
mitch,C9,Skye,1.026,183.9,133,139,105,-6,75.7,119.4,17.9,11,23,-12,11,7,0.64,0.539
vora,100T,Skye,0.963,193.9,152,168,88,-16,75.3,127.6,30.6,14,14,0,10,5,0.5,0.531
nzr,MIBR,Skye,0.99,177.0,73,87,54,-14,70.2,126.2,22.5,8,6,2,6,3,0.5,0.529
Verno,MIBR,Skye,0.96,195.0,15,19,12,-4,62.0,125.0,46.0,2,3,-1,1,1,1.0,0.483
RobbieBk,LOUD,Skye,0.913,176.0,39,45,19,-6,67.3,114.3,37.0,2,6,-4,3,1,0.33,0.472
mwzera,FUR,Skye,0.77,155.0,9,13,4,-4,63.0,98.0,12.0,3,1,2,1,0,0.0,0.47
Mazino,MIBR,Skye,0.78,168.2,70,89,51,-19,71.3,115.2,28.2,10,21,-11,6,0,0.0,0.462
P0PPIN,ENVY,Skye,0.71,136.0,20,31,14,-11,65.5,82.0,14.0,4,3,1,2,1,0.5,0.449
Kyu,SEN,Skye,0.83,163.0,27,35,17,-8,64.0,106.5,25.5,1,6,-5,2,0,0.0,0.446
Governor,KRÜ,Skye,0.71,150.0,8,14,6,-6,59.0,97.0,29.0,0,0,0,1,0,0.0,0.433
cauanzin,LOUD,Skye,0.555,181.0,22,35,12,-13,63.0,112.0,25.0,8,9,-1,2,0,0.0,0.428
Ethan,NRG,Skye,0.722,139.0,39,68,32,-29,65.5,91.5,23.5,8,11,-3,4,1,0.25,0.416
keznit,ENVY,Skye,0.72,125.0,7,12,6,-5,56.0,71.0,24.0,1,1,0,1,0,0.0,0.399
Derrek,EG,Skye,0.52,132.0,19,34,17,-15,66.0,76.0,34.0,1,5,-4,2,0,0.0,0.382
Urango,FUR,Skye,0.37,102.0,6,15,4,-9,47.0,50.0,14.0,2,1,1,1,0,0.0,0.361
N4RRATE,SEN,Sova,1.293,242.2,171,130,70,41,77.9,166.3,28.9,19,14,5,11,6,0.55,0.78
trent,G2,Sova,1.295,228.0,237,164,92,73,76.3,156.4,30.5,16,17,-1,15,13,0.87,0.742
brawk,NRG,Sova,1.161,212.5,489,422,191,67,74.2,143.9,20.6,51,31,20,34,20,0.59,0.732
Kyu,SEN,Sova,1.1,229.0,35,31,14,4,76.5,152.0,25.0,5,5,0,2,1,0.5,0.722
Zap,2G,Sova,1.065,205.0,34,31,9,3,71.0,136.0,24.0,2,1,1,2,0,0.0,0.707
eeiu,FUR,Sova,1.092,193.9,398,372,150,26,73.9,132.1,31.4,25,28,-3,28,16,0.57,0.677
mitch,C9,Sova,1.02,190.3,142,139,58,3,76.2,130.5,24.1,15,14,1,10,6,0.6,0.635
Mazino,MIBR,Sova,1.03,201.8,129,128,58,1,70.5,136.6,23.4,17,13,4,10,0,0.0,0.633
Xeppaa,C9,Sova,0.989,186.6,195,201,89,-6,74.5,124.8,26.6,13,8,5,14,6,0.43,0.582
Verno,MIBR,Sova,0.996,182.5,358,365,159,-7,74.9,123.4,30.3,35,40,-5,29,14,0.48,0.572
Derrek,EG,Sova,1.025,195.6,196,210,90,-14,72.1,140.9,34.3,15,13,2,14,6,0.43,0.547
C0M,EG,Sova,0.974,181.5,377,392,158,-15,71.8,124.6,26.1,34,39,-5,28,13,0.46,0.543
P0PPIN,ENVY,Sova,0.904,197.0,132,142,47,-10,72.4,127.5,31.8,24,15,9,8,3,0.38,0.541
vora,100T,Sova,0.94,182.0,16,17,6,-1,71.0,119.0,23.0,4,0,4,1,0,0.0,0.53
pryze,2G,Sova,0.965,182.8,150,167,57,-17,66.6,124.9,26.2,14,9,5,13,5,0.38,0.524
nzr,MIBR,Sova,0.977,172.9,98,106,50,-8,73.0,122.6,30.9,6,6,0,7,6,0.86,0.514
adverso,KRÜ,Sova,0.911,176.4,221,257,101,-36,67.2,120.0,19.9,20,20,0,19,0,0.0,0.497
mwzera,FUR,Sova,0.98,184.5,25,28,13,-3,68.0,133.0,23.5,1,3,-2,2,0,0.0,0.497
cauanzin,LOUD,Sova,0.882,188.5,218,241,79,-23,68.8,126.9,26.5,21,37,-16,15,4,0.27,0.486
NaturE,EG,Sova,0.883,168.0,48,57,31,-9,70.5,114.2,21.0,5,6,-1,4,2,0.5,0.482
johnqt,SEN,Sova,0.888,157.2,43,57,24,-14,68.5,114.5,30.2,4,5,-1,4,1,0.25,0.473
blowz,LEV,Sova,0.66,161.0,11,16,1,-5,50.0,103.0,21.0,1,0,1,1,0,0.0,0.441
Governor,KRÜ,Sova,0.72,149.0,42,65,23,-23,65.5,102.5,31.2,4,11,-7,4,0,0.0,0.428
RobbieBk,LOUD,Sova,0.775,137.7,57,79,23,-22,63.7,99.8,38.8,5,9,-4,6,2,0.33,0.423
Urango,FUR,Sova,0.54,135.0,18,33,9,-15,69.0,104.0,32.5,0,4,-4,2,0,0.0,0.41
PxS,LEV,Sova,0.52,127.0,7,15,1,-8,53.0,81.0,44.0,2,1,1,1,0,0.0,0.401
vora,100T,Tejo,1.385,255.5,33,22,6,11,82.0,163.5,28.5,2,2,0,2,1,0.5,0.782
N4RRATE,SEN,Tejo,1.126,216.8,84,73,37,11,82.0,149.0,24.8,15,4,11,5,3,0.6,0.748
johnqt,SEN,Tejo,1.195,207.5,419,333,132,86,77.2,141.2,26.2,37,23,14,26,17,0.65,0.737
trent,G2,Tejo,1.15,201.2,689,580,279,109,76.0,137.6,24.9,78,63,15,44,30,0.68,0.718
Verno,MIBR,Tejo,1.178,203.5,266,214,99,52,76.7,138.6,25.2,19,17,2,16,9,0.56,0.715
Xeppaa,C9,Tejo,1.118,220.1,225,203,62,22,75.2,147.0,22.5,15,21,-6,13,7,0.54,0.695
Asuna,100T,Tejo,1.21,194.0,18,17,12,1,79.0,129.0,19.0,2,3,-1,1,1,1.0,0.685
nerve,FUR,Tejo,1.147,200.7,47,35,11,12,76.3,135.3,26.0,2,4,-2,3,3,1.0,0.681
stellar,FUR,Tejo,1.075,204.5,29,24,11,5,76.5,143.5,19.0,4,6,-2,2,2,1.0,0.681
eeiu,FUR,Tejo,1.02,184.8,112,110,48,2,77.2,127.9,28.8,9,6,3,8,5,0.62,0.64
Ethan,NRG,Tejo,0.965,181.9,93,94,37,-1,74.2,126.9,24.5,14,18,-4,8,6,0.75,0.564
Rossy,ENVY,Tejo,1.04,186.0,27,28,8,-1,71.5,130.0,40.5,2,4,-2,2,1,0.5,0.544
Derrek,EG,Tejo,0.969,181.0,222,234,95,-12,71.2,126.2,28.3,16,18,-2,16,9,0.56,0.529
C0M,EG,Tejo,0.932,167.9,112,131,52,-19,76.0,114.9,23.8,8,8,0,9,2,0.22,0.508
blowz,LEV,Tejo,0.89,198.5,27,29,7,-2,71.0,133.5,25.0,1,2,-1,2,1,0.5,0.5
brawk,NRG,Tejo,0.937,177.7,157,172,72,-15,72.3,123.6,21.3,10,15,-5,12,4,0.33,0.494
cauanzin,LOUD,Tejo,0.976,185.8,182,198,69,-16,68.5,127.2,23.4,16,34,-18,13,6,0.46,0.494
gobera,2G,Tejo,0.815,169.1,103,123,37,-20,68.9,120.1,25.9,9,16,-7,8,3,0.38,0.465
adverso,KRÜ,Tejo,0.729,152.2,79,118,37,-39,70.2,109.0,19.2,8,16,-8,8,0,0.0,0.443
lz,2G,Tejo,0.61,133.0,7,13,3,-6,53.0,102.0,41.0,3,1,2,1,0,0.0,0.427
mitch,C9,Tejo,0.67,154.0,24,34,7,-10,64.0,105.5,21.0,6,7,-1,2,1,0.5,0.424
Zap,2G,Tejo,0.55,144.5,18,30,6,-12,71.5,103.0,19.5,0,4,-4,2,0,0.0,0.419
Kyu,SEN,Tejo,0.74,153.0,10,15,2,-5,56.0,103.0,21.0,0,2,-2,1,0,0.0,0.415
Darker,LOUD,Tejo,0.43,114.0,13,30,6,-17,60.0,79.5,17.5,4,3,1,2,0,0.0,0.402
raafa,FUR,Tejo,0.555,150.0,16,30,9,-14,60.0,104.5,14.0,1,6,-5,2,0,0.0,0.402
pryze,FUR,Tejo,0.655,134.0,32,54,13,-22,60.2,93.0,24.0,1,4,-3,4,0,0.0,0.398
v1nny,LOUD,Tejo,0.56,126.0,11,20,6,-9,63.0,92.0,19.0,1,2,-1,1,0,0.0,0.388
artzin,FUR,Tejo,0.34,94.0,4,15,2,-11,41.0,80.0,18.0,0,4,-4,1,0,0.0,0.316
Cryocells,100T,Veto,1.181,222.4,139,105,10,34,76.5,148.6,38.1,18,16,2,8,5,0.62,0.736
penny,C9,Veto,1.26,214.0,38,28,14,10,83.0,151.0,26.0,6,10,-4,2,2,1.0,0.722
bao,EG,Veto,1.11,225.0,55,49,10,6,71.3,143.7,36.0,9,9,0,3,2,0.67,0.706
OXY,C9,Veto,0.91,204.0,19,19,1,0,67.0,135.0,40.0,4,3,1,1,0,0.0,0.611
leaf,G2,Veto,0.89,176.0,10,11,5,-1,75.0,125.0,19.0,3,3,0,1,1,1.0,0.512
pryze,2G,Viper,1.1,256.0,13,12,4,1,93.0,172.0,27.0,1,0,1,1,0,0.0,0.8
Darker,LOUD,Viper,1.147,266.7,54,47,16,7,72.7,166.3,29.7,7,4,3,3,0,0.0,0.768
pANcada,LOUD,Viper,1.313,226.7,59,42,15,17,73.7,159.0,34.7,5,3,2,3,1,0.33,0.764
JonahP,G2,Viper,1.19,218.7,106,86,40,20,77.9,140.0,24.6,23,15,8,7,4,0.57,0.742
johnqt,SEN,Viper,1.246,197.3,196,143,117,53,84.4,127.9,26.1,19,4,15,14,11,0.79,0.742
v1c,C9,Viper,1.222,224.0,83,67,19,16,73.0,150.2,34.0,8,6,2,5,1,0.2,0.742
Cryocells,100T,Viper,1.014,222.8,93,88,22,5,74.8,147.6,26.0,13,8,5,5,2,0.4,0.725
keiko,NRG,Viper,1.36,198.0,29,20,12,9,73.5,138.5,45.5,2,2,0,2,2,1.0,0.72
lukxo,LOUD,Viper,1.055,220.6,179,160,44,19,67.4,145.0,30.9,31,27,4,10,2,0.2,0.709
s0m,NRG,Viper,1.114,212.7,109,100,60,9,80.1,140.4,28.0,12,14,-2,7,3,0.43,0.703
penny,C9,Viper,1.123,195.3,44,36,22,8,78.3,127.7,23.3,9,9,0,3,3,1.0,0.696
Rossy,ENVY,Viper,1.025,197.2,62,54,15,8,74.8,129.2,27.0,8,7,1,4,3,0.75,0.691
skuba,NRG,Viper,1.077,194.1,433,375,160,58,75.2,129.0,27.0,46,43,3,29,19,0.66,0.69
adverso,KRÜ,Viper,1.097,215.8,90,84,40,6,76.2,140.8,20.8,13,16,-3,6,0,0.0,0.686
leaf,G2,Viper,1.07,216.6,345,300,105,45,72.0,143.6,22.6,46,57,-11,21,18,0.86,0.678
cortezia,SEN,Viper,0.946,205.1,211,205,66,6,72.5,138.1,31.1,26,19,7,13,4,0.31,0.661
lz,2G,Viper,1.045,217.0,30,29,9,1,71.0,142.5,41.5,6,6,0,2,0,0.0,0.659
bang,100T,Viper,1.064,199.5,226,213,81,13,72.1,131.4,35.3,26,34,-8,15,7,0.47,0.652
kiNgg,LEV,Viper,1.082,201.2,172,166,67,6,72.7,132.5,26.8,15,16,-1,12,4,0.33,0.648
xenom,MIBR,Viper,0.991,182.4,203,185,68,18,70.5,120.7,35.3,22,26,-4,14,10,0.71,0.645
Shyy,KRÜ,Viper,1.029,195.1,115,112,39,3,71.0,128.6,30.1,11,9,2,8,0,0.0,0.639
supamen,EG,Viper,0.98,190.0,333,346,109,-13,67.1,128.4,36.0,38,36,2,23,12,0.52,0.55
C0M,EG,Viper,0.943,195.7,41,43,21,-2,76.3,132.7,18.3,4,7,-3,3,2,0.67,0.537
zander,100T,Viper,0.919,187.7,189,207,73,-18,73.5,121.8,24.1,40,27,13,14,7,0.5,0.537
artzin,FUR,Viper,0.94,211.0,30,31,9,-1,64.5,134.5,27.5,6,11,-5,2,1,0.5,0.535
spike,LEV,Viper,0.927,189.2,82,86,37,-4,72.7,127.5,28.0,10,12,-2,6,4,0.67,0.529
Inspire,ENVY,Viper,0.966,197.0,77,82,16,-5,64.8,133.6,38.8,12,11,1,5,1,0.2,0.525
tuyz,LOUD,Viper,0.73,218.0,16,19,4,-3,57.0,149.0,19.0,4,2,2,1,0,0.0,0.519
PxS,LEV,Viper,0.983,181.7,40,42,16,-2,63.0,122.0,21.3,3,4,-1,3,0,0.0,0.51
silentzz,2G,Viper,0.875,153.0,18,25,11,-7,73.0,104.5,23.0,2,0,2,2,0,0.0,0.503
Melser,KRÜ,Viper,0.886,170.8,59,73,35,-14,80.4,119.2,24.8,7,9,-2,5,0,0.0,0.499
nerve,FUR,Viper,0.834,158.2,94,118,58,-24,70.4,107.0,18.1,9,6,3,9,6,0.67,0.491
Khalil,FUR,Viper,0.66,168.0,8,13,3,-5,69.0,103.0,19.0,1,0,1,1,0,0.0,0.48
tex,MIBR,Viper,0.834,171.1,178,208,56,-30,68.1,113.5,34.7,30,32,-2,14,7,0.5,0.478
neT,C9,Viper,0.908,164.8,264,284,112,-20,73.3,107.3,30.9,35,46,-11,21,13,0.62,0.476
Zellsis,C9,Viper,0.87,169.5,175,211,94,-36,68.4,110.8,21.7,25,34,-9,15,10,0.67,0.464
BABYBAY,G2,Viper,0.813,175.4,102,125,51,-23,68.1,113.6,21.0,16,24,-8,9,4,0.44,0.462
NaturE,EG,Viper,0.675,158.5,23,31,6,-8,59.5,102.0,18.5,4,3,1,2,0,0.0,0.458
FiNESSE,NRG,Viper,0.835,160.5,22,28,11,-6,66.0,104.5,15.5,5,6,-1,2,1,0.5,0.448
NagZ,KRÜ,Viper,0.873,156.0,36,44,7,-8,60.7,107.3,32.3,2,6,-4,3,0,0.0,0.441
Demon1,ENVY,Viper,0.86,140.0,22,28,4,-6,64.5,107.5,39.5,1,3,-2,2,0,0.0,0.44
heat,FUR,Viper,0.736,163.4,89,135,28,-46,60.0,113.3,34.3,10,18,-8,9,1,0.11,0.433
Mazino,MIBR,Viper,0.68,151.0,60,91,25,-31,60.0,102.0,21.7,6,8,-2,6,0,0.0,0.421
gobera,2G,Viper,0.53,131.5,19,31,5,-12,49.0,88.5,27.0,3,3,0,2,0,0.0,0.381
benG,KRÜ,Viper,0.67,137.0,11,17,2,-6,52.0,85.0,43.0,0,2,-2,1,0,0.0,0.38
gobera,2G,Vyse,1.19,263.5,35,30,10,5,73.0,177.0,34.0,4,3,1,2,0,0.0,0.779
brawk,NRG,Vyse,1.36,224.5,102,70,48,32,83.7,141.5,16.2,8,5,3,6,5,0.83,0.775
Mazino,MIBR,Vyse,1.285,255.5,35,31,13,4,74.5,156.0,27.0,6,4,2,2,0,0.0,0.774
lukxo,LOUD,Vyse,1.18,257.7,66,54,21,12,65.3,166.0,32.0,9,6,3,3,2,0.67,0.754
leaf,G2,Vyse,1.155,231.4,357,300,140,57,74.5,152.3,24.5,55,30,25,20,15,0.75,0.746
Shyy,KRÜ,Vyse,1.151,210.4,186,147,44,39,70.7,141.4,27.3,18,13,5,12,0,0.0,0.718
Verno,MIBR,Vyse,1.03,183.5,35,29,8,6,83.5,119.5,31.5,3,1,2,2,1,0.5,0.706
JonahP,G2,Vyse,1.061,200.6,131,111,57,20,76.1,129.0,22.3,16,13,3,9,9,1.0,0.703
cauanzin,LOUD,Vyse,0.995,211.5,37,35,10,2,68.5,137.0,24.5,4,2,2,2,0,0.0,0.699
Xeppaa,C9,Vyse,1.064,207.6,233,225,108,8,78.5,136.8,24.2,26,17,9,16,8,0.5,0.687
silentzz,2G,Vyse,0.986,200.9,115,109,37,6,75.0,134.6,38.7,13,11,2,7,3,0.43,0.684
skuba,NRG,Vyse,1.065,164.0,23,21,12,2,75.0,117.5,31.0,2,4,-2,2,1,0.5,0.641
tex,MIBR,Vyse,1.035,195.2,181,179,58,2,77.0,127.3,34.8,29,29,0,13,7,0.54,0.624
cortezia,SEN,Vyse,0.956,200.0,131,133,50,-2,66.4,132.4,38.0,20,14,6,8,3,0.38,0.594
Zellsis,C9,Vyse,0.994,188.5,385,389,170,-4,73.3,124.9,22.4,42,57,-15,27,18,0.67,0.565
kiNgg,LEV,Vyse,0.905,183.0,21,22,8,-1,63.5,124.5,29.5,5,4,1,2,1,0.5,0.552
FiNESSE,NRG,Vyse,0.798,156.0,50,74,37,-24,70.2,108.4,22.6,6,3,3,5,1,0.2,0.494
heat,FUR,Vyse,0.918,193.6,63,72,15,-9,62.0,127.6,41.2,5,7,-2,5,1,0.2,0.484
tuyz,LOUD,Vyse,0.86,163.0,15,17,5,-2,63.0,126.0,28.0,0,0,0,1,0,0.0,0.481
NaturE,EG,Vyse,0.901,173.1,87,109,53,-22,70.1,119.7,24.6,6,16,-10,7,3,0.43,0.478
Kess,100T,Vyse,0.715,174.5,28,29,5,-1,60.0,118.0,24.5,1,5,-4,2,1,0.5,0.475
BABYBAY,G2,Vyse,0.82,159.2,39,50,30,-11,76.2,109.8,21.5,5,12,-7,4,3,0.75,0.468
Boostio,100T,Vyse,0.65,151.0,20,32,7,-12,59.0,99.0,21.0,5,4,1,2,0,0.0,0.449
adverso,FUR,Vyse,0.77,173.0,23,31,6,-8,62.5,110.5,26.0,2,5,-3,2,0,0.0,0.444
Add3r,FUR,Vyse,0.56,154.0,10,14,3,-4,56.0,102.0,31.0,3,4,-1,1,1,1.0,0.396
BABYBAY,G2,Waylay,1.1,240.0,36,29,10,7,70.5,150.0,14.5,8,4,4,2,2,1.0,0.736
mada,NRG,Waylay,1.104,228.1,253,212,71,41,72.9,146.0,29.4,64,49,15,16,11,0.69,0.732
kiNgg,LEV,Waylay,1.09,203.0,13,10,1,3,76.0,134.0,24.0,4,3,1,1,1,1.0,0.717
aspas,MIBR,Waylay,1.018,210.2,89,73,11,16,70.0,136.8,35.8,18,14,4,5,3,0.6,0.703
alym,FUR,Waylay,0.989,201.2,108,105,40,3,75.2,127.8,27.8,25,19,6,8,6,0.75,0.655
Reduxx,SEN,Waylay,1.01,183.5,33,30,6,3,70.0,122.0,24.0,6,10,-4,2,0,0.0,0.638
keznit,ENVY,Waylay,0.996,207.4,79,78,26,1,70.0,139.2,27.6,12,15,-3,5,2,0.4,0.602
Palla,FUR,Waylay,0.92,223.0,9,12,2,-3,69.0,145.0,34.0,2,1,1,1,0,0.0,0.561
jawgemo,G2,Waylay,0.968,207.3,257,268,82,-11,69.8,133.6,20.8,64,71,-7,17,13,0.76,0.539
Timotino,100T,Waylay,0.899,212.0,311,335,92,-24,67.8,140.6,28.6,79,82,-3,20,11,0.55,0.521
dgzin,EG,Waylay,0.89,186.0,47,52,14,-5,63.3,124.3,32.7,10,7,3,3,0,0.0,0.516
Sato,LEV,Waylay,0.864,189.0,99,103,33,-4,65.0,124.9,29.3,22,32,-10,7,5,0.71,0.506
OXY,C9,Waylay,0.84,190.0,34,36,4,-2,63.0,122.0,44.0,8,8,0,2,2,1.0,0.489
icy,EG,Waylay,0.75,171.7,40,49,7,-9,65.7,109.7,34.3,10,10,0,3,1,0.33,0.468
Okeanos,EG,Waylay,0.8,153.7,43,50,16,-7,70.7,94.0,40.0,9,9,0,3,2,0.67,0.464
Virtyy,LOUD,Waylay,0.8,183.0,18,19,4,-1,69.0,110.0,19.0,1,4,-3,1,0,0.0,0.464
penny,C9,Waylay,0.8,177.5,26,30,6,-4,57.0,113.5,11.5,3,7,-4,2,0,0.0,0.441
N4RRATE,SEN,Waylay,0.656,158.2,58,94,34,-36,71.2,107.8,19.0,10,16,-6,5,2,0.4,0.44
mta,KRÜ,Waylay,0.775,153.5,23,27,5,-4,69.0,95.0,33.0,4,5,-1,2,0,0.0,0.437
spike,LEV,Waylay,0.493,138.7,30,56,8,-26,56.7,86.7,27.0,10,8,2,3,0,0.0,0.414
dgzin,EG,Yoru,1.275,248.2,177,124,30,53,73.0,157.6,30.1,42,32,10,8,4,0.5,0.768
infiltrator,KRÜ,Yoru,1.197,264.0,60,49,13,11,80.0,168.3,27.7,7,7,0,3,0,0.0,0.766
keznit,ENVY,Yoru,1.23,253.0,188,153,69,35,71.0,163.6,23.6,46,31,15,12,0,0.0,0.766
BABYBAY,G2,Yoru,1.193,230.3,44,35,15,9,75.7,155.7,29.3,12,4,8,3,2,0.67,0.754
Sato,LEV,Yoru,1.142,252.4,250,201,51,49,71.9,163.9,37.2,49,44,5,13,6,0.46,0.753
Xeppaa,C9,Yoru,1.218,222.6,86,68,29,18,76.6,148.8,33.0,14,8,6,5,3,0.6,0.75
Neon,LEV,Yoru,1.208,220.2,67,49,13,18,79.8,138.0,24.0,23,5,18,4,3,0.75,0.747
zekken,MIBR,Yoru,1.111,233.1,577,497,160,80,73.2,147.1,25.8,142,108,34,33,19,0.58,0.737
koalanoob,FUR,Yoru,1.18,220.0,77,62,12,15,71.8,143.6,22.2,18,12,6,5,3,0.6,0.733
jawgemo,G2,Yoru,1.022,217.3,773,721,253,52,73.0,139.2,23.0,167,144,23,48,36,0.75,0.714
Cryocells,100T,Yoru,1.043,210.4,284,250,85,34,73.3,136.0,27.9,38,36,2,17,8,0.47,0.696
OXY,C9,Yoru,1.054,220.0,81,72,22,9,71.2,136.2,33.2,17,18,-1,5,2,0.4,0.684
mada,NRG,Yoru,1.11,231.7,50,43,16,7,67.3,148.0,31.7,7,13,-6,3,1,0.33,0.684
penny,C9,Yoru,0.97,198.5,31,29,5,2,60.5,125.5,23.0,7,4,3,2,0,0.0,0.668
Reduxx,SEN,Yoru,0.992,204.4,87,84,26,3,68.6,135.0,37.4,23,16,7,5,2,0.4,0.666
leaf,G2,Yoru,0.95,177.0,11,11,6,0,88.0,142.0,31.0,0,1,-1,1,1,1.0,0.604
alym,FUR,Yoru,0.817,184.7,42,41,12,1,64.7,115.3,30.0,13,13,0,3,2,0.67,0.578
Dantedeu5,KRÜ,Yoru,0.951,203.5,126,129,45,-3,68.5,130.4,27.8,28,27,1,8,0,0.0,0.573
Okeanos,EG,Yoru,0.89,211.0,53,53,8,0,60.7,145.7,27.0,11,12,-1,3,0,0.0,0.573
Asuna,100T,Yoru,0.965,198.0,26,30,18,-4,81.5,129.5,24.0,6,5,1,2,2,1.0,0.567
mta,KRÜ,Yoru,0.95,204.3,47,48,8,-1,66.3,121.7,28.7,7,7,0,3,0,0.0,0.561
Palla,FUR,Yoru,0.87,206.7,37,44,13,-7,66.0,135.0,39.0,13,10,3,3,0,0.0,0.536
Ethan,NRG,Yoru,0.953,189.7,34,38,11,-4,62.0,118.0,18.7,9,6,3,3,1,0.33,0.518
N4RRATE,SEN,Yoru,0.8,202.0,14,16,3,-2,67.0,115.0,26.0,6,5,1,1,0,0.0,0.515
icy,EG,Yoru,0.777,210.7,51,60,15,-9,73.7,137.0,30.0,12,14,-2,3,2,0.67,0.501
yay,EG,Yoru,0.87,239.0,15,18,1,-3,53.0,148.0,32.0,5,6,-1,1,0,0.0,0.494
kiNgg,LEV,Yoru,0.904,187.8,61,71,15,-10,67.4,123.4,28.4,15,18,-3,5,1,0.2,0.483
Askia,2G,Yoru,0.857,180.5,84,93,21,-9,60.2,121.2,33.0,20,20,0,6,2,0.33,0.481
havoc,FUR,Yoru,0.728,179.8,49,64,9,-15,60.0,111.2,29.5,14,12,2,4,0,0.0,0.481
silentzz,2G,Yoru,0.72,183.3,33,44,8,-11,63.7,110.7,47.7,9,8,1,3,0,0.0,0.481
Eggsterr,ENVY,Yoru,0.851,180.8,195,221,69,-26,70.0,114.6,28.0,33,42,-9,13,5,0.38,0.473
artzin,FUR,Yoru,0.823,185.6,102,118,32,-16,67.0,119.6,22.3,25,33,-8,7,2,0.29,0.47
aspas,MIBR,Yoru,0.72,150.0,10,15,3,-5,64.0,103.0,25.0,4,3,1,1,0,0.0,0.468
Virtyy,LOUD,Yoru,0.72,171.8,74,97,24,-23,60.7,106.2,24.8,15,18,-3,6,0,0.0,0.432
spike,LEV,Yoru,0.69,186.0,32,43,6,-11,48.3,120.0,41.7,7,12,-5,3,0,0.0,0.422
Demon1,ENVY,Yoru,0.36,83.0,5,15,3,-10,44.0,67.0,30.0,1,4,-3,1,0,0.0,0.314
