Jogador,Time,K,D,A,+/-,FK,FD,+/-_FK_FD,R,ACS,KAST,ADR,HS%,Score_Time,Score_Adv,Mapas_Time,Mapas_Adv,Impacto
Darker,LOUD,262,288,112,-26,34,34,0,0.932,195.5,70.0,123.0,25.0,148,232,4,26,0.593
cauanzin,LOUD,1248,1424,512,-176,148,208,-60,0.896,187.7,68.6,124.8,25.1,892,1062,52,110,0.558
Virtyy,LOUD,648,694,160,-46,144,182,-38,0.885,195.5,66.2,121.6,24.7,400,532,20,58,0.565
pANcada,LOUD,1264,1312,642,-48,132,108,24,0.99,182.5,72.4,124.4,35.9,892,1062,52,110,0.647
lukxo,LOUD,1130,950,244,180,204,146,58,1.104,233.8,68.3,152.1,32.6,592,746,32,82,0.773
OXY,C9,2110,1900,408,210,492,434,58,1.063,239.5,71.5,152.1,28.0,1140,1330,80,118,0.757
penny,C9,624,582,208,42,104,134,-30,1.015,199.6,71.7,131.0,21.6,430,434,36,30,0.645
v1c,C9,1898,1754,1040,144,226,200,26,1.09,197.5,77.0,127.7,29.5,1274,1436,94,122,0.704
Xeppaa,C9,1898,1852,782,46,174,150,24,1.036,201.0,75.2,133.3,25.1,1274,1436,94,122,0.674
Zellsis,C9,2020,2254,1160,-234,242,308,-66,0.938,178.0,71.7,115.7,22.8,1664,1666,157,149,0.568
BABYBAY,G2,952,840,310,112,178,150,28,1.057,204.0,74.3,133.7,20.3,680,634,58,62,0.706
trent,G2,2412,1982,1040,430,230,202,28,1.167,202.2,76.9,137.2,27.0,1616,1688,140,170,0.73
valyn,G2,2472,2174,1188,298,262,238,24,1.095,206.7,76.1,131.9,25.1,1616,1688,140,170,0.714
leaf,G2,2106,1794,688,312,324,244,80,1.132,226.5,73.0,148.8,25.0,1280,1342,112,138,0.753
jawgemo,G2,2486,2410,832,76,568,512,56,1.009,217.8,72.7,138.7,22.2,1616,1688,140,170,0.681
Cryocells,100T,2452,1942,536,510,384,270,114,1.16,227.5,75.8,149.4,29.2,1316,1586,70,170,0.777
bang,100T,2464,2262,1328,202,282,274,8,1.088,197.2,76.4,124.4,34.0,1764,1780,151,179,0.699
Timotino,100T,734,784,208,-50,186,190,-4,0.898,214.8,67.0,141.8,29.5,478,524,24,60,0.627
Asuna,100T,1916,2034,1032,-118,360,382,-22,0.979,197.8,73.6,127.9,22.5,1316,1586,70,170,0.614
vora,100T,666,690,326,-24,78,68,10,1.01,196.4,74.8,129.5,30.3,478,524,24,60,0.654
Rossy,ENVY,692,746,366,-54,58,80,-22,0.949,182.5,70.1,118.6,28.0,548,518,42,42,0.584
Inspire,ENVY,366,330,112,36,42,44,-2,1.079,199.5,69.2,133.9,33.9,260,252,20,22,0.704
keznit,ENVY,1900,1724,546,176,408,346,62,1.08,226.9,71.9,146.8,24.6,1252,1162,112,98,0.736
Eggsterr,ENVY,390,442,138,-52,66,84,-18,0.847,180.4,69.8,114.9,27.6,298,310,20,28,0.546
P0PPIN,ENVY,376,448,164,-72,66,52,14,0.816,177.9,69.3,113.3,30.2,298,310,20,28,0.581
dgzin,EG,1268,1056,248,212,308,220,88,1.109,231.2,70.4,148.2,28.2,768,766,54,66,0.765
bao,EG,336,360,142,-24,34,52,-18,0.946,188.5,70.9,130.4,28.6,276,236,22,14,0.584
Okeanos,EG,988,1006,490,-18,130,140,-10,0.963,190.7,72.1,124.4,35.2,748,690,68,52,0.64
C0M,EG,1300,1440,622,-140,122,136,-14,0.942,172.8,72.7,118.5,25.4,1122,1070,98,82,0.581
supamen,EG,1386,1478,634,-92,158,162,-4,0.967,182.9,68.6,120.2,36.8,1118,1030,92,70,0.616
benG,KRÜ,186,240,88,-54,24,20,4,0.868,162.9,65.4,102.1,31.5,194,134,22,8,0.558
mta,KRÜ,216,238,64,-22,36,34,2,0.925,183.6,68.7,112.7,29.3,194,134,22,8,0.592
NagZ,KRÜ,184,222,78,-38,18,32,-14,0.945,158.5,65.5,112.4,27.5,194,134,22,8,0.532
infiltrator,KRÜ,230,274,70,-44,46,62,-16,0.846,204.7,66.8,131.9,26.7,194,134,22,8,0.56
Governor,KRÜ,168,260,92,-92,16,40,-24,0.713,148.5,62.5,99.9,27.0,194,134,22,8,0.485
koalanoob,FUR,448,360,102,88,102,80,22,1.162,237.6,72.8,149.5,24.2,268,254,36,24,0.764
artzin,FUR,1748,2024,910,-276,292,402,-110,0.861,186.5,69.4,121.1,24.0,1390,1362,136,114,0.545
nerve,FUR,306,334,166,-28,22,22,0,0.924,169.1,72.9,114.6,21.4,268,254,36,24,0.585
eeiu,FUR,1674,1528,680,146,120,134,-14,1.076,190.6,75.3,127.1,31.9,1106,1316,82,134,0.69
alym,FUR,360,362,124,-2,92,74,18,0.932,196.4,72.9,124.3,28.5,268,254,36,24,0.656
PxS,LEV,340,412,192,-72,48,54,-6,0.87,166.6,71.7,108.0,27.1,288,298,24,24,0.551
Sato,LEV,1154,1030,254,124,234,264,-30,1.024,230.6,69.2,150.1,33.2,716,672,68,52,0.721
kiNgg,LEV,1452,1442,648,10,188,204,-16,1.029,195.6,71.7,126.6,29.5,1090,1052,98,82,0.65
blowz,LEV,284,302,102,-18,16,24,-8,0.946,176.2,71.1,115.7,26.3,244,218,22,14,0.585
spike,LEV,676,736,282,-60,146,144,2,0.888,203.5,66.4,130.3,26.9,486,480,44,40,0.604
brawk,NRG,1618,1482,698,136,150,116,34,1.101,201.6,73.8,135.9,20.0,1216,1108,119,99,0.692
keiko,NRG,464,424,160,40,54,48,6,1.098,202.6,74.1,130.5,37.1,348,290,40,26,0.713
mada,NRG,2188,1894,518,294,574,508,66,1.097,232.3,71.0,148.4,26.9,1392,1298,131,117,0.75
Ethan,NRG,1712,1832,1104,-120,212,222,-10,1.01,190.0,74.8,123.7,23.4,1392,1298,131,117,0.616
skuba,NRG,1218,1084,470,134,120,124,-4,1.068,187.7,75.8,126.3,27.4,966,808,101,69,0.687
aspas,MIBR,2450,1922,402,528,528,378,150,1.144,230.0,74.0,149.5,26.4,1468,1490,138,142,0.771
Mazino,MIBR,1738,1822,906,-84,196,238,-42,0.972,197.0,71.9,128.9,26.2,1300,1234,130,122,0.62
Verno,MIBR,1682,1604,732,78,156,154,2,1.035,187.2,75.9,125.3,28.5,1284,1294,115,127,0.666
tex,MIBR,1508,1676,422,-168,216,256,-40,0.877,173.6,69.3,114.8,33.5,1192,1216,114,120,0.578
zekken,MIBR,2614,2292,776,322,624,530,94,1.095,228.3,73.7,146.0,26.1,1632,1638,165,171,0.747
johnqt,SEN,1992,1698,1054,294,156,118,38,1.149,190.8,78.3,127.5,26.8,1494,1428,145,125,0.719
cortezia,SEN,1796,1812,534,-16,220,218,2,0.936,191.8,68.9,128.9,35.2,1330,1280,118,96,0.645
Reduxx,SEN,258,268,82,-10,68,64,4,0.935,189.2,67.2,125.1,33.8,208,172,18,6,0.631
Kyu,SEN,228,264,106,-36,20,34,-14,0.903,176.8,67.9,114.3,21.1,208,172,18,6,0.529
N4RRATE,SEN,2042,2012,1056,30,302,246,56,1.055,207.1,75.5,136.3,24.1,1494,1428,145,125,0.682
Demon1,C9,840,782,270,58,122,138,-16,1.022,211.1,71.5,141.8,35.8,546,544,44,40,0.701
Neon,LEV,194,154,36,40,56,24,32,1.151,211.6,75.6,137.3,25.2,130,124,12,6,0.752
neT,C9,1158,1300,430,-142,148,184,-36,0.876,167.5,70.9,109.2,33.0,896,1026,64,92,0.56
mitch,C9,1146,1314,802,-168,116,190,-74,0.945,178.8,73.2,117.9,20.6,896,1026,64,92,0.544
JonahP,G2,1672,1712,1216,-40,206,190,16,1.026,181.4,76.6,115.3,22.1,1272,1400,110,140,0.626
zander,100T,1236,1314,710,-78,194,184,10,0.962,188.4,74.2,120.4,24.6,838,1062,46,110,0.614
Kess,100T,448,512,214,-64,54,52,2,0.898,173.2,69.3,111.5,29.6,312,432,16,44,0.571
s0m,NRG,1460,1378,870,82,180,198,-18,1.059,201.8,77.3,130.8,27.8,1044,1008,91,91,0.681
Dantedeu5,KRÜ,428,494,172,-66,90,124,-34,0.874,187.8,68.3,122.4,25.0,342,326,32,34,0.546
Shyy,KRÜ,1276,1146,388,130,130,102,28,1.071,193.8,72.8,130.0,27.4,954,852,92,70,0.701
Melser,KRÜ,1154,1178,648,-24,140,146,-6,1.003,177.8,75.5,115.6,27.6,954,852,92,70,0.625
icy,EG,1168,1236,274,-68,218,264,-46,0.923,200.9,68.4,132.3,27.3,842,794,70,56,0.597
yay,EG,1270,1262,290,8,278,252,26,0.974,216.8,65.5,140.9,31.9,842,794,70,56,0.68
NaturE,EG,992,1180,664,-188,82,120,-38,0.91,179.6,72.4,116.6,23.0,842,794,70,56,0.553
Derrek,EG,1088,1144,462,-56,84,90,-6,0.984,191.1,71.5,132.4,31.8,842,794,70,56,0.632
heat,FUR,632,794,164,-162,76,98,-22,0.816,175.2,61.9,118.8,37.0,522,502,48,42,0.555
adverso,KRÜ,926,1106,418,-180,100,134,-34,0.889,178.3,68.9,120.0,20.4,824,706,82,50,0.546
Palla,FUR,260,348,70,-88,60,88,-28,0.748,198.8,58.8,129.4,31.5,212,180,22,14,0.542
tuyz,LOUD,686,896,412,-210,76,92,-16,0.811,150.9,69.0,102.0,31.6,640,646,50,58,0.534
Urango,FUR,186,336,100,-150,10,54,-44,0.564,138.9,61.6,93.2,30.7,212,180,22,14,0.463
lz,2G,694,810,428,-116,100,126,-26,0.865,175.0,70.1,111.2,40.5,530,580,48,48,0.569
gobera,2G,674,818,284,-144,72,82,-10,0.856,177.6,65.4,119.2,29.1,530,580,48,48,0.561
silentzz,2G,770,826,172,-56,122,114,8,0.894,192.4,66.4,128.0,37.2,530,580,48,48,0.623
pryze,FUR,648,818,294,-170,44,58,-14,0.853,169.5,66.0,114.7,24.5,534,580,48,54,0.544
xenom,MIBR,1464,1432,784,32,138,152,-14,0.988,180.0,74.2,117.1,32.9,1122,1108,100,90,0.644
RobbieBk,LOUD,284,388,130,-104,20,40,-20,0.778,148.3,62.9,102.4,36.0,252,300,16,32,0.513
Boostio,100T,584,856,334,-272,80,100,-20,0.737,149.0,66.3,98.4,29.4,526,630,30,66,0.512
FiNESSE,NRG,442,644,274,-202,54,84,-30,0.774,148.5,67.0,102.8,19.3,426,490,30,48,0.491
v1nny,LOUD,370,530,310,-160,22,62,-40,0.777,143.0,72.0,98.2,32.7,364,380,24,36,0.509
Zap,2G,124,176,52,-52,8,16,-8,0.696,153.9,64.8,106.8,20.8,114,114,12,6,0.486
Askia,2G,322,342,70,-20,70,74,-4,0.908,195.0,64.9,133.2,31.8,226,242,20,16,0.61
Khalil,FUR,418,468,142,-50,44,54,-10,0.918,185.3,70.2,121.1,30.8,310,322,26,28,0.581
havoc,FUR,426,532,100,-106,136,128,8,0.737,194.1,61.7,124.5,29.9,310,322,26,28,0.572
raafa,FUR,282,482,212,-200,22,72,-50,0.627,137.0,62.2,91.8,21.0,310,322,26,28,0.451
nzr,MIBR,432,500,244,-68,28,26,2,0.962,172.3,69.3,120.0,27.3,360,386,35,33,0.58
bdog,FUR,56,42,42,14,4,0,4,1.277,212.7,79.0,124.7,35.3,52,24,6,0,0.778
Add3r,FUR,56,56,6,0,8,12,-4,0.877,194.7,65.7,125.3,32.7,52,24,6,0,0.604
stellar,FUR,58,48,22,10,8,12,-4,1.077,204.7,76.3,143.3,19.0,52,24,6,0,0.677
jakee,FUR,58,50,36,8,2,8,-6,1.173,221.0,82.0,143.0,25.0,52,24,6,0,0.716
mwzera,FUR,88,110,46,-22,14,14,0,0.873,166.3,66.2,111.2,19.5,80,80,6,6,0.54
nataNk,LEV,208,194,112,14,38,42,-4,1.064,207.7,76.1,136.1,25.4,124,172,8,16,0.685
