Jogador,Time,Mapa,R,ACS,K,D,A,+/-,KAST,ADR,HS%,FK,FD,+/-_FK_FD,Jogos,Wins,WinRate,Impacto
infiltrator,KRÜ,Abyss,1.36,293.5,43,30,6,13,87.5,186.0,32.0,5,2,3,2,0,0.0,1.383
lukxo,LOUD,Abyss,1.443,279.7,77,44,8,33,75.7,174.7,34.7,12,10,2,3,0,0.0,1.363
vora,100T,Abyss,1.385,255.5,33,22,6,11,82.0,163.5,28.5,2,2,0,2,1,0.5,1.304
koalanoob,FUR,Abyss,1.25,271.3,58,41,18,17,79.3,169.0,28.3,13,9,4,3,3,1.0,1.297
alym,FUR,Abyss,1.33,239.7,51,34,22,17,81.0,147.7,27.3,12,4,8,3,3,1.0,1.284
johnqt,SEN,Abyss,1.308,217.0,64,43,18,21,82.8,150.2,32.0,8,2,6,4,3,0.75,1.27
Reduxx,SEN,Abyss,1.23,229.0,18,12,5,6,76.0,158.0,58.0,4,1,3,1,1,1.0,1.262
Ethan,NRG,Abyss,1.275,223.8,63,44,29,19,78.5,152.8,25.2,9,7,2,4,3,0.75,1.25
keiko,NRG,Abyss,1.253,215.7,46,34,20,12,81.0,134.0,40.3,8,3,5,3,3,1.0,1.242
trent,G2,Abyss,1.262,233.8,67,47,17,20,71.0,157.2,29.2,6,4,2,4,2,0.5,1.24
gobera,2G,Abyss,1.27,241.0,13,12,3,1,69.0,143.0,34.0,2,0,2,1,0,0.0,1.236
Melser,KRÜ,Abyss,1.243,222.7,47,37,16,10,75.3,139.7,42.3,9,4,5,3,0,0.0,1.234
heat,FUR,Abyss,1.17,222.0,16,12,1,4,75.0,144.0,59.0,4,0,4,1,0,0.0,1.225
mada,NRG,Abyss,1.13,244.0,65,53,22,12,76.8,160.2,27.0,14,11,3,4,3,0.75,1.224
aspas,MIBR,Abyss,1.2,233.0,141,98,16,43,74.9,146.4,25.2,25,22,3,8,4,0.5,1.213
skuba,NRG,Abyss,1.243,203.3,43,29,15,14,76.7,139.0,30.7,6,0,6,3,3,1.0,1.213
BABYBAY,G2,Abyss,1.03,280.0,18,17,3,1,60.0,178.0,35.0,6,2,4,1,0,0.0,1.197
leaf,G2,Abyss,1.172,228.2,69,57,15,12,67.8,146.2,29.5,14,5,9,4,2,0.5,1.191
xenom,MIBR,Abyss,1.132,207.2,62,57,43,5,79.5,135.0,35.2,5,3,2,4,3,0.75,1.191
dgzin,EG,Abyss,1.087,227.3,57,47,6,10,77.3,136.0,29.7,15,10,5,3,2,0.67,1.182
Derrek,EG,Abyss,1.155,227.0,35,30,10,5,77.5,151.5,39.5,2,3,-1,2,1,0.5,1.174
s0m,NRG,Abyss,1.02,239.0,18,17,7,1,86.0,161.0,37.0,1,3,-2,1,0,0.0,1.171
bao,EG,Abyss,1.11,225.0,55,49,10,6,71.3,143.7,36.0,9,9,0,3,2,0.67,1.158
JonahP,G2,Abyss,1.14,173.7,39,35,34,4,77.7,105.3,24.7,6,3,3,3,2,0.67,1.129
Rossy,ENVY,Abyss,1.07,204.0,48,41,10,7,70.3,120.7,27.7,4,2,2,3,0,0.0,1.126
brawk,NRG,Abyss,1.157,188.0,40,31,15,9,72.7,126.7,27.3,5,5,0,3,3,1.0,1.126
nerve,FUR,Abyss,1.147,200.7,47,35,11,12,76.3,135.3,26.0,2,4,-2,3,3,1.0,1.123
Asuna,100T,Abyss,1.16,189.0,24,22,29,2,84.5,117.0,20.0,1,3,-2,2,1,0.5,1.12
cortezia,SEN,Abyss,0.996,196.0,78,71,18,7,70.8,131.4,43.4,13,13,0,5,4,0.8,1.095
Verno,MIBR,Abyss,1.058,212.6,71,68,25,3,71.4,142.2,31.0,5,7,-2,5,1,0.2,1.077
Khalil,FUR,Abyss,1.02,206.0,15,15,6,0,75.0,124.0,35.0,3,0,3,1,0,0.0,1.059
OXY,C9,Abyss,0.926,228.0,88,87,10,1,63.0,147.4,34.8,22,20,2,5,2,0.4,1.043
Timotino,100T,Abyss,0.975,216.5,28,27,10,1,71.0,139.0,31.5,7,11,-4,2,1,0.5,1.039
Kyu,SEN,Abyss,0.99,138.0,12,11,6,1,76.0,76.0,15.0,1,0,1,1,1,1.0,1.017
mta,KRÜ,Abyss,0.995,196.5,27,28,12,-1,79.0,124.5,33.0,5,2,3,2,0,0.0,1.016
Mazino,MIBR,Abyss,1.037,195.6,91,94,68,-3,73.7,121.3,28.3,17,13,4,7,1,0.14,1.013
bang,100T,Abyss,1.042,184.0,60,60,49,0,77.0,117.6,29.0,5,7,-2,5,3,0.6,0.999
Xeppaa,C9,Abyss,0.94,180.0,69,70,29,-1,71.8,122.0,29.4,1,1,0,5,2,0.4,0.959
Zellsis,C9,Abyss,0.99,187.0,78,91,73,-13,78.8,110.7,26.5,8,3,5,6,4,0.67,0.953
penny,C9,Abyss,0.93,170.3,42,41,16,1,71.0,120.3,19.0,7,13,-6,3,2,0.67,0.95
Cryocells,100T,Abyss,0.945,175.5,22,23,6,-1,72.0,116.5,21.0,7,2,5,2,1,0.5,0.948
adverso,KRÜ,Abyss,0.963,173.3,35,36,20,-1,71.0,115.0,20.7,1,3,-2,3,0,0.0,0.91
yay,EG,Abyss,0.955,171.5,26,28,8,-2,66.0,112.5,34.0,5,3,2,2,1,0.5,0.903
keznit,ENVY,Abyss,0.927,193.5,82,87,20,-5,70.3,122.8,30.0,17,19,-2,6,0,0.0,0.899
supamen,EG,Abyss,0.926,174.0,70,77,35,-7,71.6,113.0,41.8,6,6,0,5,3,0.6,0.892
Shyy,KRÜ,Abyss,0.897,188.7,36,44,12,-8,66.3,124.0,24.3,5,4,1,3,0,0.0,0.891
icy,EG,Abyss,0.9,213.5,31,32,6,-1,59.0,129.5,23.5,7,13,-6,2,1,0.5,0.891
v1c,C9,Abyss,0.858,177.4,63,77,36,-14,75.6,109.6,20.8,13,5,8,5,2,0.4,0.889
N4RRATE,SEN,Abyss,0.845,174.0,47,59,29,-12,74.5,118.8,30.0,8,7,1,4,3,0.75,0.883
pANcada,LOUD,Abyss,0.883,132.3,36,41,26,-5,81.0,85.0,49.7,4,2,2,3,0,0.0,0.881
zekken,MIBR,Abyss,0.906,182.6,85,92,39,-7,69.0,125.0,28.7,20,22,-2,7,3,0.43,0.87
Darker,LOUD,Abyss,0.97,175.0,48,51,29,-3,71.7,105.0,26.7,4,7,-3,3,0,0.0,0.863
eeiu,FUR,Abyss,0.957,135.3,28,32,22,-4,81.7,94.7,30.0,1,2,-1,3,3,1.0,0.859
NagZ,KRÜ,Abyss,0.96,155.0,23,27,20,-4,76.5,101.5,26.0,2,5,-3,2,0,0.0,0.854
Inspire,ENVY,Abyss,0.927,194.3,41,49,10,-8,57.7,125.3,27.7,5,6,-1,3,0,0.0,0.852
artzin,FUR,Abyss,0.889,167.1,83,97,55,-14,73.7,108.7,27.4,14,18,-4,7,6,0.86,0.841
mwzera,FUR,Abyss,0.9,149.0,9,13,7,-4,65.0,128.0,34.0,0,1,-1,1,0,0.0,0.828
NaturE,EG,Abyss,0.91,150.0,20,27,17,-7,70.0,105.5,31.0,0,5,-5,2,1,0.5,0.825
cauanzin,LOUD,Abyss,0.813,174.7,43,57,24,-14,70.3,117.3,28.3,3,13,-10,3,0,0.0,0.822
benG,KRÜ,Abyss,0.735,151.5,19,28,11,-9,67.5,92.0,31.0,7,3,4,2,0,0.0,0.805
Okeanos,EG,Abyss,0.853,150.0,39,48,27,-9,68.0,96.3,40.3,0,5,-5,3,2,0.67,0.802
nzr,MIBR,Abyss,0.828,150.8,43,53,23,-10,69.0,103.8,31.2,3,5,-2,4,3,0.75,0.796
Virtyy,LOUD,Abyss,0.727,174.3,44,57,10,-13,65.0,112.0,20.3,9,10,-1,3,0,0.0,0.777
C0M,EG,Abyss,0.777,143.3,31,48,19,-17,68.7,105.3,27.0,4,8,-4,3,2,0.67,0.771
P0PPIN,ENVY,Abyss,0.723,159.3,35,51,8,-16,59.0,108.0,26.0,6,6,0,3,0,0.0,0.767
jawgemo,G2,Abyss,0.728,169.2,49,66,20,-17,61.8,117.5,24.2,12,15,-3,4,2,0.5,0.765
tex,MIBR,Abyss,0.745,140.8,41,54,23,-13,69.5,84.8,27.8,5,6,-1,4,1,0.25,0.759
neT,C9,Abyss,0.685,165.0,27,35,11,-8,56.5,100.0,64.0,3,9,-6,2,0,0.0,0.748
pryze,2G,Abyss,0.62,133.0,6,12,4,-6,63.0,97.0,19.0,1,1,0,1,0,0.0,0.71
havoc,FUR,Abyss,0.6,177.0,13,17,2,-4,55.0,106.0,26.0,3,4,-1,1,0,0.0,0.706
Governor,KRÜ,Abyss,0.635,123.5,17,30,15,-13,66.5,89.5,38.5,3,6,-3,2,0,0.0,0.704
valyn,G2,Abyss,0.725,121.0,34,55,26,-21,63.8,81.2,25.2,1,9,-8,4,2,0.5,0.704
lz,2G,Abyss,0.58,152.0,9,14,2,-5,56.0,96.0,37.0,0,6,-6,1,0,0.0,0.684
mitch,C9,Abyss,0.6,154.5,19,36,25,-17,57.0,93.0,21.5,1,7,-6,2,0,0.0,0.679
Eggsterr,ENVY,Abyss,0.513,141.3,30,52,9,-22,59.3,88.3,24.0,5,16,-11,3,0,0.0,0.647
silentzz,2G,Abyss,0.44,127.0,7,14,2,-7,56.0,78.0,58.0,0,2,-2,1,0,0.0,0.638
raafa,FUR,Abyss,0.4,126.0,6,18,8,-12,50.0,91.0,30.0,1,4,-3,1,0,0.0,0.61
FiNESSE,NRG,Abyss,0.33,75.0,4,17,7,-13,62.0,58.0,17.0,1,2,-1,1,0,0.0,0.585
Zap,2G,Abyss,0.39,86.0,5,13,1,-8,44.0,59.0,27.0,2,2,0,1,0,0.0,0.571
Cryocells,100T,Ascent,1.46,286.0,30,18,6,12,82.0,184.0,27.0,2,3,-1,1,1,1.0,1.341
keznit,ENVY,Ascent,1.435,274.2,63,43,22,20,70.2,185.2,20.5,15,9,6,4,0,0.0,1.337
leaf,G2,Ascent,1.356,260.6,145,97,42,48,80.4,167.3,28.7,18,9,9,7,6,0.86,1.323
brawk,NRG,Ascent,1.347,253.0,48,32,16,16,79.3,188.7,21.7,6,4,2,3,1,0.33,1.322
Boostio,100T,Ascent,1.18,246.0,24,21,4,3,71.0,165.0,25.0,7,2,5,1,1,1.0,1.227
OXY,C9,Ascent,1.197,242.3,53,41,15,12,75.0,149.3,35.0,12,12,0,3,1,0.33,1.212
v1c,C9,Ascent,1.253,224.7,44,37,35,7,76.7,142.3,32.0,2,2,0,3,1,0.33,1.212
mada,NRG,Ascent,1.117,235.7,46,40,10,6,80.3,148.3,23.0,16,10,6,3,1,0.33,1.21
trent,G2,Ascent,1.19,213.2,179,148,99,31,75.8,146.8,24.6,17,14,3,12,11,0.92,1.19
jawgemo,G2,Ascent,1.121,223.6,201,165,61,36,75.3,142.9,23.9,43,39,4,12,11,0.92,1.176
mitch,C9,Ascent,1.123,207.0,44,39,14,5,78.0,137.3,20.0,8,5,3,3,1,0.33,1.171
Sato,LEV,Ascent,1.06,250.0,47,41,8,6,66.7,153.3,39.0,12,12,0,3,1,0.33,1.159
BABYBAY,G2,Ascent,1.126,193.8,70,54,15,16,75.8,132.8,20.4,15,10,5,5,5,1.0,1.153
Virtyy,LOUD,Ascent,1.145,199.0,28,21,8,7,72.5,124.5,26.5,11,6,5,2,1,0.5,1.153
pryze,2G,Ascent,1.127,213.7,88,79,29,9,74.3,140.3,29.3,4,5,-1,6,1,0.17,1.146
lukxo,LOUD,Ascent,1.065,221.0,34,27,4,7,59.5,139.5,40.5,9,2,7,2,1,0.5,1.134
Asuna,100T,Ascent,1.21,194.0,18,17,12,1,79.0,129.0,19.0,2,3,-1,1,1,1.0,1.133
silentzz,2G,Ascent,1.03,210.2,84,68,10,16,68.2,134.4,27.8,18,12,6,5,0,0.0,1.124
yay,EG,Ascent,1.083,248.3,55,46,10,9,62.3,160.3,27.3,12,17,-5,3,2,0.67,1.124
zekken,MIBR,Ascent,1.012,218.2,70,65,13,5,72.2,139.2,27.8,20,20,0,4,2,0.5,1.115
bang,100T,Ascent,1.062,201.2,63,59,32,4,74.8,123.2,35.2,5,6,-1,4,2,0.5,1.105
C0M,EG,Ascent,1.086,193.8,62,56,23,6,72.0,133.2,19.0,2,2,0,5,2,0.4,1.104
Ethan,NRG,Ascent,1.12,202.3,38,37,29,1,82.3,132.7,25.3,1,3,-2,3,1,0.33,1.08
valyn,G2,Ascent,1.063,190.2,177,156,95,21,76.6,114.7,26.8,19,24,-5,12,11,0.92,1.079
lz,2G,Ascent,0.992,192.8,76,74,44,2,77.2,123.8,42.4,8,7,1,5,0,0.0,1.067
Dantedeu5,KRÜ,Ascent,1.087,218.3,33,33,17,0,81.7,142.3,22.7,4,9,-5,3,0,0.0,1.061
skuba,NRG,Ascent,1.065,164.0,23,21,12,2,75.0,117.5,31.0,2,4,-2,2,1,0.5,1.056
JonahP,G2,Ascent,1.014,184.0,156,153,120,3,77.2,113.9,19.9,24,15,9,12,11,0.92,1.043
NaturE,EG,Ascent,1.09,207.0,39,42,44,-3,85.0,131.3,18.7,5,2,3,3,2,0.67,1.024
Demon1,ENVY,Ascent,1.025,222.5,26,28,17,-2,72.0,143.0,45.0,4,3,1,2,1,0.5,1.013
aspas,MIBR,Ascent,0.998,221.8,58,62,7,-4,74.0,145.2,34.2,14,13,1,4,0,0.0,0.99
Verno,MIBR,Ascent,0.942,209.2,58,57,25,1,66.2,133.0,29.8,2,5,-3,4,0,0.0,0.985
N4RRATE,SEN,Ascent,0.948,216.5,62,68,28,-6,75.5,146.2,25.5,13,5,8,4,2,0.5,0.981
Derrek,EG,Ascent,1.107,198.3,39,41,23,-2,65.7,151.0,29.3,3,4,-1,3,2,0.67,0.979
heat,FUR,Ascent,1.023,203.3,82,85,23,-3,67.3,136.5,28.8,12,12,0,6,1,0.17,0.979
s0m,NRG,Ascent,0.947,184.7,40,40,13,0,77.7,108.3,26.7,3,4,-1,3,1,0.33,0.966
Xeppaa,C9,Ascent,1.027,181.7,36,39,15,-3,76.7,121.7,30.7,3,2,1,3,1,0.33,0.958
Okeanos,EG,Ascent,0.913,187.3,33,38,29,-5,73.3,120.7,34.0,6,3,3,3,1,0.33,0.929
Palla,FUR,Ascent,0.87,206.7,37,44,13,-7,66.0,135.0,39.0,13,10,3,3,0,0.0,0.926
Askia,2G,Ascent,0.9,176.5,30,30,5,0,69.5,121.0,26.5,7,10,-3,2,0,0.0,0.924
supamen,EG,Ascent,0.93,164.3,38,40,29,-2,80.0,100.3,41.7,5,6,-1,3,2,0.67,0.907
spike,LEV,Ascent,1.01,206.0,38,44,32,-6,66.0,129.7,26.0,5,8,-3,3,0,0.0,0.903
cauanzin,LOUD,Ascent,0.875,204.0,26,31,11,-5,60.0,135.0,19.0,3,2,1,2,1,0.5,0.891
Zellsis,C9,Ascent,0.883,172.8,53,66,25,-13,69.0,113.8,23.2,7,4,3,4,2,0.5,0.881
Mazino,MIBR,Ascent,0.925,196.8,44,50,14,-6,66.2,129.5,22.5,3,4,-1,4,0,0.0,0.879
johnqt,SEN,Ascent,0.943,174.0,50,57,43,-7,69.0,116.8,24.5,4,4,0,4,2,0.5,0.879
zander,100T,Ascent,0.93,175.0,14,22,19,-8,79.0,125.0,19.0,2,3,-1,1,1,1.0,0.879
PxS,LEV,Ascent,0.875,162.0,24,31,26,-7,88.5,103.5,26.5,4,7,-3,2,0,0.0,0.869
RobbieBk,LOUD,Ascent,0.895,158.5,21,26,10,-5,72.5,112.5,35.5,1,1,0,2,1,0.5,0.868
icy,EG,Ascent,0.907,152.0,33,40,16,-7,68.3,100.3,30.0,5,2,3,3,2,0.67,0.866
tex,MIBR,Ascent,0.902,177.4,59,62,10,-3,62.4,119.4,33.6,3,11,-8,5,2,0.4,0.866
Melser,KRÜ,Ascent,0.98,154.2,36,40,26,-4,75.5,105.0,27.2,4,9,-5,4,0,0.0,0.861
gobera,2G,Ascent,0.926,183.0,64,74,25,-10,67.0,126.0,24.2,4,9,-5,5,0,0.0,0.857
xenom,MIBR,Ascent,0.87,180.0,50,59,33,-9,66.5,117.0,33.0,5,6,-1,4,0,0.0,0.85
tuyz,FUR,Ascent,0.817,153.3,29,40,26,-11,74.7,99.7,22.3,3,1,2,3,0,0.0,0.849
adverso,FUR,Ascent,0.842,179.5,43,56,15,-13,69.0,120.8,20.2,5,6,-1,4,0,0.0,0.839
Khalil,FUR,Ascent,0.883,172.0,33,41,10,-8,69.7,110.3,32.7,2,7,-5,3,1,0.33,0.838
havoc,FUR,Ascent,0.82,197.7,42,48,7,-6,56.3,125.3,39.7,14,16,-2,3,1,0.33,0.82
Shyy,KRÜ,Ascent,0.84,132.8,34,41,14,-7,72.5,86.2,18.5,4,3,1,4,0,0.0,0.807
FiNESSE,NRG,Ascent,0.85,159.0,10,14,3,-4,63.0,116.0,35.0,1,3,-2,1,0,0.0,0.806
kiNgg,LEV,Ascent,0.83,163.0,50,62,19,-12,60.8,109.8,28.6,11,12,-1,5,2,0.4,0.802
neT,C9,Ascent,0.77,169.7,34,45,11,-11,69.7,112.0,31.7,5,8,-3,3,1,0.33,0.802
eeiu,FUR,Ascent,0.86,140.0,13,18,9,-5,71.0,98.0,30.0,1,3,-2,1,1,1.0,0.798
cortezia,SEN,Ascent,0.765,177.2,55,62,12,-7,61.5,123.0,34.0,4,7,-3,4,0,0.0,0.795
Urango,FUR,Ascent,0.723,165.0,31,45,13,-14,68.3,116.7,35.3,1,5,-4,3,0,0.0,0.787
artzin,FUR,Ascent,0.565,149.8,35,65,32,-30,57.5,101.0,14.5,7,15,-8,4,0,0.0,0.664
raafa,FUR,Ascent,0.507,124.7,21,49,22,-28,62.3,87.7,17.0,2,5,-3,3,1,0.33,0.633
Rossy,ENVY,Ascent,0.565,95.0,12,25,9,-13,60.0,67.0,25.5,2,5,-3,2,1,0.5,0.614
pANcada,LOUD,Ascent,0.425,87.0,11,28,9,-17,57.5,63.0,25.0,0,5,-5,2,1,0.5,0.581
v1c,C9,Bind,1.712,287.0,77,33,23,44,91.2,176.5,35.0,12,4,8,4,3,0.75,1.421
Eggsterr,ENVY,Bind,1.63,330.0,28,13,5,15,82.0,196.0,31.0,2,1,1,1,1,1.0,1.403
OXY,C9,Bind,1.432,268.5,69,38,11,31,76.8,161.2,19.2,12,7,5,4,3,0.75,1.329
aspas,MIBR,Bind,1.375,262.3,125,83,23,42,79.2,175.7,23.7,22,12,10,6,3,0.5,1.329
Inspire,ENVY,Bind,1.3,248.0,21,13,6,8,86.0,149.0,37.0,4,3,1,1,1,1.0,1.304
Shyy,KRÜ,Bind,1.323,234.5,101,67,29,34,77.7,154.8,32.0,11,5,6,6,0,0.0,1.278
BABYBAY,G2,Bind,1.37,234.6,100,55,10,45,78.2,148.6,13.4,14,8,6,5,5,1.0,1.27
Cryocells,100T,Bind,1.234,231.6,255,177,47,78,77.7,146.5,24.3,39,30,9,13,8,0.62,1.235
valyn,G2,Bind,1.22,223.6,119,95,59,24,79.7,144.7,27.7,19,5,14,7,7,1.0,1.232
Neon,LEV,Bind,1.237,216.0,47,33,10,14,80.3,139.0,23.7,15,3,12,3,2,0.67,1.225
Asuna,100T,Bind,1.167,235.6,222,187,97,35,76.0,153.5,20.8,52,28,24,13,8,0.62,1.215
Xeppaa,C9,Bind,1.182,220.2,52,41,33,11,79.2,138.8,25.0,7,1,6,4,3,0.75,1.209
mitch,C9,Bind,1.26,183.5,18,12,15,6,87.0,117.5,18.0,5,2,3,2,2,1.0,1.202
s0m,NRG,Bind,1.162,215.7,95,86,72,9,83.0,139.7,22.3,8,12,-4,6,2,0.33,1.158
JonahP,G2,Bind,1.203,214.3,49,37,25,12,77.0,135.7,27.7,2,7,-5,3,3,1.0,1.155
PxS,LEV,Bind,1.22,208.0,15,13,4,2,59.0,137.0,20.0,3,1,2,1,0,0.0,1.149
zander,100T,Bind,1.039,201.0,116,106,34,10,76.6,129.6,25.5,23,11,12,8,5,0.62,1.136
zekken,MIBR,Bind,1.047,200.5,63,55,20,8,75.5,130.5,21.2,13,11,2,4,3,0.75,1.132
Melser,KRÜ,Bind,1.068,196.5,85,78,44,7,78.3,124.2,25.5,7,6,1,6,0,0.0,1.126
Virtyy,LOUD,Bind,1.098,222.2,66,60,22,6,73.8,144.2,20.2,13,19,-6,4,1,0.25,1.119
bang,100T,Bind,1.12,202.1,112,97,31,15,72.3,132.1,41.7,11,15,-4,7,4,0.57,1.116
Okeanos,EG,Bind,1.005,213.0,71,68,26,3,70.5,134.0,39.0,11,6,5,4,1,0.25,1.115
trent,G2,Bind,1.064,180.3,103,97,51,6,71.6,118.6,25.9,11,7,4,7,7,1.0,1.095
cortezia,SEN,Bind,1.068,215.2,93,77,18,16,66.2,137.4,37.0,7,12,-5,5,1,0.2,1.094
kiNgg,LEV,Bind,1.05,204.7,90,80,31,10,69.3,135.2,33.0,5,8,-3,6,3,0.5,1.084
neT,C9,Bind,1.095,155.5,19,11,10,8,87.5,98.5,31.5,2,3,-1,2,2,1.0,1.079
adverso,KRÜ,Bind,1.092,203.5,55,50,30,5,68.8,126.8,19.0,8,10,-2,4,0,0.0,1.074
Sato,LEV,Bind,0.992,208.8,95,87,23,8,67.0,143.3,36.7,20,25,-5,6,3,0.5,1.072
eeiu,FUR,Bind,1.054,176.6,142,125,62,17,73.4,111.5,33.9,11,13,-2,10,5,0.5,1.071
keznit,ENVY,Bind,1.016,206.1,96,96,41,0,73.3,138.0,21.7,22,18,4,7,1,0.14,1.052
Verno,MIBR,Bind,0.998,188.5,88,86,47,2,75.0,116.0,35.3,10,9,1,6,4,0.67,1.041
skuba,NRG,Bind,1.004,189.8,76,69,22,7,67.8,125.4,21.2,6,10,-4,5,1,0.2,1.035
mada,NRG,Bind,0.977,225.4,118,115,23,3,62.4,138.0,23.6,33,34,-1,7,2,0.29,1.028
leaf,G2,Bind,0.992,205.0,94,92,30,2,68.2,138.3,26.3,12,15,-3,6,6,1.0,1.01
N4RRATE,SEN,Bind,0.963,224.0,51,53,13,-2,71.0,139.7,23.0,17,9,8,3,1,0.33,0.996
Kess,100T,Bind,1.056,189.0,64,68,58,-4,75.2,117.4,28.8,10,7,3,5,4,0.8,0.987
NagZ,KRÜ,Bind,1.08,204.0,13,13,1,0,53.0,116.0,35.0,0,0,0,1,0,0.0,0.984
pANcada,LOUD,Bind,0.994,185.6,62,75,49,-13,72.8,134.0,37.6,6,4,2,5,1,0.2,0.959
Rossy,ENVY,Bind,0.87,186.0,13,15,7,-2,77.0,133.0,31.0,3,1,2,1,1,1.0,0.932
lukxo,LOUD,Bind,0.903,190.2,57,60,16,-3,67.5,127.2,28.0,7,5,2,4,1,0.25,0.93
dgzin,EG,Bind,0.823,195.3,52,52,8,0,58.0,128.0,36.7,11,11,0,3,0,0.0,0.923
Timotino,100T,Bind,0.994,205.8,81,87,27,-6,68.6,138.0,25.8,14,16,-2,5,3,0.6,0.916
koalanoob,FUR,Bind,0.975,201.0,29,31,2,-2,60.0,123.5,24.5,7,4,3,2,0,0.0,0.916
Reduxx,SEN,Bind,0.85,191.0,18,18,2,0,62.0,123.0,32.0,2,4,-2,1,0,0.0,0.906
blowz,LEV,Bind,0.99,155.8,46,49,24,-3,70.0,101.8,30.2,5,4,1,4,2,0.5,0.906
yay,EG,Bind,0.93,188.0,11,13,7,-2,71.0,120.0,30.0,1,1,0,1,0,0.0,0.899
tex,MIBR,Bind,0.898,164.2,47,55,24,-8,71.2,108.8,28.0,9,5,4,4,3,0.75,0.885
bao,EG,Bind,0.89,197.5,29,39,22,-10,67.5,138.5,26.0,1,9,-8,2,0,0.0,0.871
Dantedeu5,KRÜ,Bind,0.867,187.7,40,47,12,-7,66.3,126.0,30.3,10,11,-1,3,0,0.0,0.855
RobbieBk,LOUD,Bind,0.913,176.0,39,45,19,-6,67.3,114.3,37.0,2,6,-4,3,1,0.33,0.851
keiko,NRG,Bind,0.89,181.0,14,18,3,-4,64.0,117.0,48.0,1,2,-1,1,0,0.0,0.849
johnqt,SEN,Bind,0.94,136.0,31,40,22,-9,75.0,90.7,23.0,1,1,0,3,1,0.33,0.843
tuyz,FUR,Bind,0.94,154.0,19,27,13,-8,59.5,103.0,46.0,3,3,0,2,0,0.0,0.843
cauanzin,LOUD,Bind,0.82,184.2,63,80,27,-17,71.4,116.0,26.6,9,12,-3,5,1,0.2,0.832
nerve,FUR,Bind,0.83,146.0,18,26,15,-8,67.0,103.5,24.5,1,0,1,2,0,0.0,0.831
vora,100T,Bind,0.84,168.0,67,83,44,-16,72.6,106.8,29.8,5,7,-2,5,3,0.6,0.83
icy,EG,Bind,0.94,196.0,10,15,4,-5,47.0,136.0,26.0,2,3,-1,1,0,0.0,0.827
supamen,EG,Bind,0.87,153.3,36,46,14,-10,67.7,106.3,35.0,6,7,-1,3,0,0.0,0.821
Zellsis,C9,Bind,0.925,157.0,43,52,34,-9,68.8,98.2,23.8,5,7,-2,4,2,0.5,0.819
NaturE,EG,Bind,0.86,174.0,11,13,4,-2,71.0,105.0,15.0,1,3,-2,1,0,0.0,0.814
Mazino,MIBR,Bind,0.829,168.1,97,114,58,-17,69.2,104.0,24.9,11,20,-9,8,2,0.25,0.805
penny,C9,Bind,0.82,171.5,24,29,10,-5,62.5,120.0,27.0,4,6,-2,2,1,0.5,0.801
jawgemo,G2,Bind,0.75,176.1,91,114,32,-23,70.9,115.3,20.1,23,31,-8,7,7,1.0,0.796
xenom,MIBR,Bind,0.798,157.0,51,66,29,-15,68.2,99.8,35.5,3,7,-4,4,1,0.25,0.79
spike,LEV,Bind,0.752,168.8,55,74,24,-19,65.8,110.0,28.8,8,10,-2,5,2,0.4,0.786
FiNESSE,NRG,Bind,0.835,160.5,22,28,11,-6,66.0,104.5,15.5,5,6,-1,2,1,0.5,0.783
Ethan,NRG,Bind,0.773,151.0,78,113,69,-35,67.7,96.3,23.1,5,14,-9,7,2,0.29,0.763
Governor,KRÜ,Bind,0.71,150.0,8,14,6,-6,59.0,97.0,29.0,0,0,0,1,0,0.0,0.75
C0M,EG,Bind,0.76,137.8,43,67,33,-24,65.2,92.0,27.5,5,9,-4,4,1,0.25,0.743
pryze,2G,Bind,0.7,165.0,8,14,1,-6,57.0,94.0,21.0,0,0,0,1,0,0.0,0.743
brawk,NRG,Bind,0.742,143.0,54,81,36,-27,64.4,95.6,20.6,5,7,-2,5,1,0.2,0.74
lz,2G,Bind,0.41,137.0,5,14,5,-9,64.0,90.0,41.0,1,0,1,1,0,0.0,0.715
P0PPIN,ENVY,Bind,0.67,116.0,8,13,8,-5,73.0,69.0,14.0,2,2,0,1,1,1.0,0.711
Kyu,SEN,Bind,0.71,129.0,12,17,9,-5,65.0,77.0,24.0,0,4,-4,1,0,0.0,0.704
Boostio,100T,Bind,0.647,137.0,31,48,20,-17,63.7,86.7,26.7,1,7,-6,3,1,0.33,0.698
Darker,LOUD,Bind,0.54,157.0,10,17,3,-7,53.0,104.0,29.0,3,3,0,1,0,0.0,0.693
artzin,FUR,Bind,0.568,145.5,63,107,36,-44,64.3,97.7,29.0,13,23,-10,6,1,0.17,0.693
v1nny,LOUD,Bind,0.58,113.0,5,13,12,-8,67.0,87.0,33.0,0,3,-3,1,0,0.0,0.674
heat,FUR,Bind,0.59,120.0,6,15,3,-9,53.0,99.0,28.0,0,1,-1,1,0,0.0,0.649
Palla,FUR,Bind,0.57,164.0,8,16,3,-8,35.0,111.0,18.0,1,3,-2,1,0,0.0,0.632
alym,FUR,Bind,0.555,128.5,19,31,5,-12,55.0,78.0,26.0,5,10,-5,2,0,0.0,0.632
benG,KRÜ,Bind,0.57,110.0,5,12,6,-7,53.0,69.0,17.0,1,1,0,1,0,0.0,0.625
infiltrator,KRÜ,Bind,0.49,139.0,7,15,2,-8,41.0,90.0,32.0,3,7,-4,1,0,0.0,0.597
Urango,FUR,Bind,0.37,102.0,6,15,4,-9,47.0,50.0,14.0,2,1,1,1,0,0.0,0.594
Derrek,EG,Bind,0.48,106.0,6,15,4,-9,53.0,78.0,31.0,0,2,-2,1,0,0.0,0.593
nzr,MIBR,Bind,0.505,114.5,15,33,12,-18,51.0,86.5,18.0,2,5,-3,2,0,0.0,0.593
mta,KRÜ,Bind,0.33,72.0,4,13,1,-9,47.0,45.0,27.0,0,5,-5,1,0,0.0,0.554
gobera,2G,Bind,0.27,100.0,4,14,0,-10,29.0,70.0,31.0,1,2,-1,1,0,0.0,0.537
silentzz,2G,Bind,0.04,72.0,3,14,1,-11,21.0,48.0,7.0,1,4,-3,1,0,0.0,0.5
valyn,G2,Breeze,1.96,337.0,25,7,10,18,100.0,223.0,26.0,1,0,1,1,1,1.0,1.448
johnqt,SEN,Breeze,1.75,253.0,25,8,5,17,92.0,170.0,39.0,0,0,0,1,0,0.0,1.37
keznit,ENVY,Breeze,1.34,283.0,44,29,4,15,77.0,168.5,32.5,14,6,8,2,2,1.0,1.331
OXY,C9,Breeze,1.195,283.0,42,33,11,9,74.0,177.0,19.5,11,8,3,2,1,0.5,1.273
zekken,MIBR,Breeze,1.297,237.3,46,36,16,10,80.7,150.3,27.0,11,6,5,3,2,0.67,1.273
kiNgg,LEV,Breeze,1.39,223.0,17,13,3,4,65.0,139.0,39.0,3,0,3,1,0,0.0,1.248
Inspire,ENVY,Breeze,1.205,218.5,35,24,11,11,74.5,142.0,35.5,1,0,1,2,2,1.0,1.214
aspas,MIBR,Breeze,1.17,227.7,47,35,5,12,71.0,150.3,41.3,10,5,5,3,2,0.67,1.212
Neon,LEV,Breeze,1.26,234.0,16,14,2,2,70.0,167.0,36.0,3,4,-1,1,0,0.0,1.201
Rossy,ENVY,Breeze,1.19,222.5,35,25,7,10,77.0,144.5,25.5,4,4,0,2,2,1.0,1.187
Verno,MIBR,Breeze,1.2,194.0,36,31,21,5,81.3,134.0,42.0,3,3,0,3,2,0.67,1.185
Cryocells,100T,Breeze,1.13,218.0,20,17,2,3,63.0,149.0,46.0,3,0,3,1,0,0.0,1.172
P0PPIN,ENVY,Breeze,0.945,199.0,32,30,9,2,86.0,122.5,48.5,4,3,1,2,2,1.0,1.145
pANcada,LOUD,Breeze,1.12,189.0,16,15,10,1,71.0,138.0,21.0,1,0,1,1,1,1.0,1.139
artzin,FUR,Breeze,1.083,201.3,47,37,14,10,71.3,124.7,31.7,3,2,1,3,2,0.67,1.129
v1c,C9,Breeze,1.193,195.7,48,33,14,15,71.7,130.7,31.7,1,6,-5,3,1,0.33,1.122
Mazino,MIBR,Breeze,0.997,203.3,42,38,14,4,72.7,133.7,35.3,3,2,1,3,2,0.67,1.118
Virtyy,LOUD,Breeze,1.09,234.0,23,18,1,5,71.0,141.0,22.0,2,4,-2,1,1,1.0,1.118
jawgemo,G2,Breeze,0.94,274.0,17,17,4,0,68.0,178.0,31.0,5,3,2,1,1,1.0,1.108
keiko,NRG,Breeze,1.05,212.5,34,31,7,3,69.5,137.5,26.5,2,6,-4,2,1,0.5,1.087
cauanzin,LOUD,Breeze,0.92,205.0,18,17,6,1,71.0,132.0,20.0,2,1,1,1,1,1.0,1.084
penny,C9,Breeze,0.95,192.3,45,41,13,4,65.3,122.7,23.3,10,9,1,3,1,0.33,1.056
koalanoob,FUR,Breeze,1.017,228.3,48,47,10,1,71.7,137.3,22.0,10,11,-1,3,2,0.67,1.048
N4RRATE,SEN,Breeze,0.98,210.0,19,17,2,2,54.0,145.0,40.0,3,6,-3,1,0,0.0,1.038
Timotino,100T,Breeze,0.97,246.0,21,21,2,0,67.0,165.0,31.0,5,6,-1,1,0,0.0,1.032
skuba,NRG,Breeze,1.03,194.0,30,29,6,1,70.0,128.5,36.5,3,5,-2,2,1,0.5,1.031
mada,NRG,Breeze,1.0,197.5,30,28,8,2,60.5,123.5,34.0,4,10,-6,2,1,0.5,1.03
BABYBAY,G2,Breeze,1.01,170.0,11,11,4,0,79.0,120.0,23.0,5,2,3,1,1,1.0,1.025
Demon1,ENVY,Breeze,0.99,232.0,16,16,4,0,62.0,151.0,33.0,2,5,-3,1,0,0.0,1.004
lukxo,LOUD,Breeze,1.04,181.0,16,16,5,0,75.0,126.0,34.0,2,7,-5,1,1,1.0,0.996
Darker,LOUD,Breeze,1.06,187.0,16,16,5,0,75.0,128.0,18.0,2,3,-1,1,1,1.0,0.993
leaf,G2,Breeze,0.94,145.0,12,10,2,2,68.0,87.0,32.0,0,1,-1,1,1,1.0,0.961
brawk,NRG,Breeze,1.005,199.0,27,30,12,-3,69.5,138.0,21.5,3,1,2,2,1,0.5,0.958
trent,G2,Breeze,0.89,147.0,10,10,4,0,79.0,115.0,63.0,0,2,-2,1,1,1.0,0.945
alym,FUR,Breeze,0.817,184.7,42,41,12,1,64.7,115.3,30.0,13,13,0,3,2,0.67,0.941
vora,100T,Breeze,0.94,182.0,16,17,6,-1,71.0,119.0,23.0,4,0,4,1,0,0.0,0.915
Xeppaa,C9,Breeze,0.907,165.3,37,42,14,-5,78.0,108.0,26.0,4,2,2,3,1,0.33,0.905
bang,100T,Breeze,0.86,192.0,15,18,7,-3,67.0,138.0,36.0,0,0,0,1,0,0.0,0.889
Kyu,SEN,Breeze,0.95,197.0,15,18,8,-3,63.0,136.0,27.0,1,2,-1,1,0,0.0,0.875
mta,KRÜ,Breeze,0.93,180.0,27,30,10,-3,65.5,112.0,27.5,3,3,0,2,0,0.0,0.869
tex,MIBR,Breeze,0.797,157.0,32,40,6,-8,66.0,110.3,44.0,7,5,2,3,2,0.67,0.849
cortezia,SEN,Breeze,0.72,163.0,13,17,3,-4,63.0,113.0,50.0,4,0,4,1,0,0.0,0.828
Ethan,NRG,Breeze,0.87,165.5,26,32,15,-6,72.0,111.0,20.0,4,5,-1,2,1,0.5,0.824
NagZ,KRÜ,Breeze,0.91,145.5,22,28,6,-6,63.0,107.5,24.5,5,5,0,2,0,0.0,0.823
infiltrator,KRÜ,Breeze,0.75,196.0,28,37,10,-9,67.5,121.5,29.0,7,9,-2,2,0,0.0,0.816
benG,KRÜ,Breeze,0.875,168.0,27,33,6,-6,62.5,104.5,40.0,2,3,-1,2,0,0.0,0.814
eeiu,FUR,Breeze,0.783,137.3,29,39,12,-10,72.7,95.7,33.0,2,2,0,3,2,0.67,0.802
Governor,KRÜ,Breeze,0.805,174.5,25,35,8,-10,64.5,115.5,24.0,1,5,-4,2,0,0.0,0.798
Asuna,100T,Breeze,0.83,139.0,10,16,16,-6,71.0,84.0,23.0,3,3,0,1,0,0.0,0.795
Eggsterr,ENVY,Breeze,0.77,127.0,20,27,11,-7,69.5,88.5,32.5,3,4,-1,2,2,1.0,0.75
blowz,LEV,Breeze,0.66,161.0,11,16,1,-5,50.0,103.0,21.0,1,0,1,1,0,0.0,0.741
nerve,FUR,Breeze,0.657,130.7,23,40,20,-17,64.3,94.0,14.7,2,2,0,3,2,0.67,0.716
Zellsis,C9,Breeze,0.59,116.7,23,49,26,-26,57.7,73.7,17.0,1,4,-3,3,1,0.33,0.628
spike,LEV,Breeze,0.41,131.0,8,18,3,-10,55.0,88.0,26.0,2,4,-2,1,0,0.0,0.622
Sato,LEV,Breeze,0.43,83.0,6,16,4,-10,65.0,68.0,29.0,1,2,-1,1,0,0.0,0.609
Reduxx,SEN,Breeze,0.4,100.0,6,18,4,-12,58.0,72.0,35.0,3,5,-2,1,0,0.0,0.601
dgzin,EG,Corrode,1.665,319.0,48,26,9,22,78.5,211.0,34.5,8,3,5,2,1,0.5,1.397
silentzz,2G,Corrode,1.61,255.0,26,13,8,13,88.0,165.0,47.0,2,0,2,1,0,0.0,1.387
eeiu,FUR,Corrode,1.425,278.0,44,25,10,19,81.5,180.5,34.0,3,3,0,2,2,1.0,1.351
Cryocells,100T,Corrode,1.312,231.5,108,69,9,39,84.2,155.7,35.0,20,6,14,6,5,0.83,1.293
zekken,MIBR,Corrode,1.226,247.3,126,101,40,25,77.4,159.6,29.9,26,21,5,7,5,0.71,1.26
brawk,NRG,Corrode,1.26,245.0,101,75,24,26,71.5,158.5,21.3,13,5,8,6,5,0.83,1.243
cauanzin,LOUD,Corrode,1.33,221.0,19,11,3,8,68.0,152.0,33.0,2,1,1,1,0,0.0,1.242
penny,C9,Corrode,1.33,272.0,22,17,4,5,67.0,168.0,18.0,2,4,-2,1,0,0.0,1.227
vora,100T,Corrode,1.17,215.2,59,49,21,10,83.5,148.8,30.0,11,9,2,4,3,0.75,1.226
johnqt,SEN,Corrode,1.245,212.8,101,71,40,30,79.5,134.8,28.2,9,1,8,6,3,0.5,1.223
leaf,G2,Corrode,1.178,233.8,63,54,18,9,73.8,152.5,22.5,8,5,3,4,2,0.5,1.212
yay,EG,Corrode,1.142,259.0,79,65,9,14,67.5,162.2,33.2,16,15,1,4,2,0.5,1.209
zander,100T,Corrode,1.185,208.5,32,26,30,6,82.0,130.5,32.0,6,2,4,2,2,1.0,1.208
mada,NRG,Corrode,1.168,227.5,97,76,28,21,71.3,148.3,27.0,23,19,4,6,5,0.83,1.199
Derrek,EG,Corrode,1.11,230.5,71,64,21,7,74.0,142.8,38.0,7,5,2,4,2,0.5,1.195
s0m,NRG,Corrode,1.158,194.2,60,45,38,15,81.0,124.0,29.0,10,7,3,4,4,1.0,1.178
Sato,LEV,Corrode,1.135,268.0,44,36,5,8,67.5,164.0,30.0,8,9,-1,2,1,0.5,1.175
Verno,MIBR,Corrode,1.112,196.8,57,50,22,7,79.2,133.5,34.8,9,2,7,4,3,0.75,1.174
Kess,100T,Corrode,1.165,193.5,28,24,16,4,79.5,121.0,20.5,2,1,1,2,2,1.0,1.165
aspas,MIBR,Corrode,1.112,208.2,66,50,10,16,72.0,139.2,28.5,15,8,7,4,3,0.75,1.162
Asuna,100T,Corrode,1.162,196.8,79,68,53,11,80.0,121.8,22.2,12,11,1,6,5,0.83,1.154
skuba,NRG,Corrode,1.077,180.3,82,67,38,15,81.3,118.3,32.3,12,4,8,6,5,0.83,1.142
Kyu,SEN,Corrode,1.085,216.5,34,32,12,2,64.0,140.5,20.5,5,4,1,2,0,0.0,1.132
Okeanos,EG,Corrode,0.967,202.0,47,44,14,3,71.7,140.0,36.7,8,7,1,3,1,0.33,1.111
Timotino,100T,Corrode,0.992,225.0,63,55,22,8,70.8,144.5,26.2,13,14,-1,4,3,0.75,1.1
pryze,2G,Corrode,1.13,246.0,20,21,17,-1,85.0,170.0,20.0,3,1,2,1,0,0.0,1.099
Mazino,MIBR,Corrode,1.066,218.4,79,73,34,6,67.6,140.4,29.0,3,12,-9,5,2,0.4,1.095
bang,100T,Corrode,1.09,173.4,104,89,61,15,78.4,106.6,32.2,9,11,-2,8,6,0.75,1.086
kiNgg,LEV,Corrode,0.995,190.0,31,30,11,1,71.5,113.0,35.5,4,3,1,2,1,0.5,1.058
valyn,G2,Corrode,0.978,209.2,122,117,43,5,67.6,128.9,25.0,13,13,0,8,3,0.38,1.045
Zellsis,C9,Corrode,1.006,196.8,71,69,34,2,77.8,124.6,20.6,6,7,-1,5,3,0.6,1.037
blowz,LEV,Corrode,1.14,167.0,14,11,5,3,61.0,101.0,23.0,0,2,-2,1,1,1.0,1.023
xenom,MIBR,Corrode,1.08,146.0,10,10,14,0,82.0,99.0,26.0,2,1,1,1,1,1.0,1.022
supamen,EG,Corrode,0.988,198.2,85,85,30,0,65.8,134.7,36.2,10,8,2,6,3,0.5,1.019
spike,LEV,Corrode,0.89,241.0,38,40,17,-2,77.5,155.0,29.5,11,6,5,2,1,0.5,0.998
Ethan,NRG,Corrode,1.02,194.2,72,82,65,-10,76.5,126.2,23.3,15,6,9,6,5,0.83,0.97
mitch,C9,Corrode,1.047,197.0,42,43,29,-1,71.3,119.7,21.7,2,8,-6,3,1,0.33,0.96
adverso,FUR,Corrode,0.98,207.7,42,48,22,-6,77.7,131.7,18.0,5,5,0,3,1,0.33,0.945
Inspire,ENVY,Corrode,1.005,181.0,31,32,9,-1,66.0,128.0,44.0,3,7,-4,2,1,0.5,0.933
keznit,ENVY,Corrode,0.966,212.8,72,79,28,-7,67.2,139.2,25.8,13,13,0,5,1,0.2,0.93
JonahP,G2,Corrode,1.015,174.0,49,53,29,-4,77.0,114.2,24.8,6,7,-1,4,1,0.25,0.909
Eggsterr,ENVY,Corrode,0.837,190.3,45,53,17,-8,74.3,123.0,29.3,12,6,6,3,1,0.33,0.908
Palla,FUR,Corrode,0.89,231.7,48,53,13,-5,64.3,150.0,29.0,9,16,-7,3,1,0.33,0.901
cortezia,SEN,Corrode,0.91,181.3,43,48,13,-5,68.0,130.7,42.0,3,3,0,3,1,0.33,0.898
Xeppaa,C9,Corrode,0.885,179.0,53,63,31,-10,69.2,120.8,22.8,7,5,2,4,1,0.25,0.892
v1c,C9,Corrode,0.86,176.5,50,64,39,-14,72.2,111.5,26.8,7,5,2,4,1,0.25,0.887
N4RRATE,SEN,Corrode,0.848,179.3,78,96,42,-18,74.0,110.7,22.0,17,9,8,6,3,0.5,0.886
trent,G2,Corrode,0.929,172.2,91,108,60,-17,72.2,115.2,27.2,8,9,-1,8,3,0.38,0.877
Neon,LEV,Corrode,0.84,154.0,14,14,3,0,65.0,107.0,19.0,2,3,-1,1,1,1.0,0.857
Rossy,ENVY,Corrode,0.93,179.0,41,50,30,-9,67.3,115.0,31.0,1,4,-3,3,1,0.33,0.854
neT,C9,Corrode,0.87,160.3,34,41,15,-7,77.7,109.3,30.7,3,7,-4,3,1,0.33,0.844
NaturE,EG,Corrode,0.883,168.0,48,57,31,-9,70.5,114.2,21.0,5,6,-1,4,2,0.5,0.842
Virtyy,LOUD,Corrode,0.81,208.0,15,18,5,-3,59.0,118.0,27.0,5,5,0,1,0,0.0,0.841
gobera,2G,Corrode,0.79,163.0,15,17,5,-2,69.0,107.0,23.0,2,1,1,1,0,0.0,0.839
tex,MIBR,Corrode,0.84,183.0,56,64,18,-8,66.8,117.8,25.8,9,15,-6,4,2,0.5,0.825
jawgemo,G2,Corrode,0.789,194.2,102,129,41,-27,66.1,125.2,26.9,20,33,-13,8,3,0.38,0.824
C0M,EG,Corrode,0.773,155.0,33,43,15,-10,71.0,99.3,16.0,4,2,2,3,1,0.33,0.82
BABYBAY,G2,Corrode,0.829,174.9,97,113,33,-16,69.4,115.2,23.2,13,24,-11,8,3,0.38,0.818
tuyz,FUR,Corrode,0.81,153.0,33,43,16,-10,70.3,104.7,25.7,3,3,0,3,1,0.33,0.817
icy,EG,Corrode,0.77,176.2,55,64,15,-9,70.0,117.0,27.5,7,16,-9,4,2,0.5,0.809
Shyy,KRÜ,Corrode,0.8,170.5,21,27,5,-6,68.0,115.0,23.0,2,5,-3,2,0,0.0,0.802
OXY,C9,Corrode,0.76,182.2,55,69,14,-14,62.2,121.2,31.5,13,20,-7,4,1,0.25,0.796
Demon1,ENVY,Corrode,0.84,140.0,10,14,1,-4,67.0,105.0,33.0,0,2,-2,1,0,0.0,0.789
artzin,FUR,Corrode,0.76,179.0,14,15,3,-1,64.0,130.0,15.0,2,6,-4,1,1,1.0,0.788
Urango,FUR,Corrode,0.767,158.7,33,49,22,-16,69.0,98.0,34.7,0,9,-9,3,1,0.33,0.782
Reduxx,SEN,Corrode,0.83,149.5,24,32,13,-8,66.0,100.0,26.5,9,12,-3,2,0,0.0,0.781
keiko,NRG,Corrode,0.63,167.5,25,35,10,-10,58.5,108.5,32.0,5,4,1,2,1,0.5,0.775
heat,FUR,Corrode,0.72,158.0,33,47,12,-14,60.7,116.3,37.7,4,6,-2,3,1,0.33,0.761
P0PPIN,ENVY,Corrode,0.67,157.0,36,51,21,-15,65.7,96.0,38.3,5,8,-3,3,1,0.33,0.743
Melser,KRÜ,Corrode,0.775,136.0,19,26,11,-7,62.0,89.0,23.5,2,3,-1,2,0,0.0,0.731
Dantedeu5,KRÜ,Corrode,0.645,152.0,18,30,5,-12,62.0,101.0,32.5,5,8,-3,2,0,0.0,0.721
pANcada,LOUD,Corrode,0.58,122.0,9,19,6,-10,50.0,84.0,30.0,1,0,1,1,0,0.0,0.679
lukxo,LOUD,Corrode,0.65,149.0,10,17,4,-7,45.0,104.0,30.0,1,4,-3,1,0,0.0,0.674
lz,2G,Corrode,0.59,114.0,11,18,8,-7,65.0,71.0,34.0,2,3,-1,1,0,0.0,0.66
bao,EG,Corrode,0.46,84.0,11,30,19,-19,68.5,55.5,26.0,0,4,-4,2,1,0.5,0.612
RobbieBk,LOUD,Corrode,0.58,97.0,8,15,1,-7,45.0,59.0,35.0,1,2,-1,1,0,0.0,0.584
cauanzin,LOUD,Fracture,1.79,290.0,18,6,7,12,88.0,203.0,31.0,3,1,2,1,1,1.0,1.42
dgzin,EG,Fracture,1.53,276.0,17,9,5,8,94.0,167.0,29.0,2,0,2,1,1,1.0,1.408
trent,G2,Fracture,1.477,241.0,60,36,11,24,86.0,159.0,28.7,11,3,8,3,2,0.67,1.352
mada,NRG,Fracture,1.386,281.0,106,74,17,32,75.4,183.0,24.4,27,20,7,5,2,0.4,1.343
pANcada,LOUD,Fracture,1.49,217.0,11,7,11,4,100.0,155.0,29.0,2,2,0,1,1,1.0,1.343
tuyz,LOUD,Fracture,1.39,243.0,13,6,12,7,100.0,158.0,18.0,2,2,0,1,1,1.0,1.331
Cryocells,100T,Fracture,1.373,240.7,60,36,8,24,81.7,163.3,34.0,9,3,6,3,2,0.67,1.318
zander,100T,Fracture,1.363,243.3,55,39,28,16,79.3,151.0,24.7,10,7,3,3,2,0.67,1.292
v1nny,LOUD,Fracture,1.17,232.0,15,12,12,3,88.0,145.0,30.0,1,1,0,1,1,1.0,1.223
Khalil,FUR,Fracture,1.16,236.5,31,28,8,3,75.0,156.5,29.0,2,0,2,2,0,0.0,1.221
leaf,G2,Fracture,1.197,233.3,54,43,20,11,71.7,159.7,26.0,4,4,0,3,2,0.67,1.196
nataNk,LEV,Fracture,1.04,253.0,19,17,4,2,73.0,167.0,24.0,7,5,2,1,0,0.0,1.196
eeiu,FUR,Fracture,1.12,187.7,47,39,18,8,86.3,139.3,29.3,3,3,0,3,2,0.67,1.164
Xeppaa,C9,Fracture,1.167,243.7,59,51,14,8,70.0,155.0,18.0,6,8,-2,3,2,0.67,1.153
Demon1,ENVY,Fracture,1.107,219.7,56,53,37,3,78.7,147.3,38.0,4,6,-2,3,1,0.33,1.152
NaturE,EG,Fracture,1.147,190.7,47,39,29,8,78.3,119.7,22.0,2,1,1,3,2,0.67,1.146
s0m,NRG,Fracture,1.08,193.6,73,69,63,4,81.4,125.2,30.4,12,10,2,5,2,0.4,1.137
C0M,EG,Fracture,1.083,189.7,50,45,15,5,75.7,130.3,25.3,3,2,1,3,1,0.33,1.131
yay,EG,Fracture,1.057,223.3,50,48,14,2,68.3,145.0,26.7,12,5,7,3,2,0.67,1.125
v1c,C9,Fracture,1.11,179.7,44,42,33,2,84.0,111.0,27.7,6,3,3,3,2,0.67,1.124
supamen,EG,Fracture,1.14,198.7,41,40,40,1,74.0,141.0,33.0,7,6,1,3,2,0.67,1.116
Ethan,NRG,Fracture,1.086,183.4,67,65,46,2,82.4,119.8,22.2,5,2,3,5,2,0.4,1.097
icy,EG,Fracture,1.01,250.3,57,56,12,1,77.0,165.0,25.0,10,14,-4,3,2,0.67,1.095
valyn,G2,Fracture,1.0,198.0,45,46,30,-1,74.3,130.0,19.0,7,4,3,3,2,0.67,1.01
tex,MIBR,Fracture,0.953,208.0,53,53,18,0,69.0,143.0,34.7,4,12,-8,3,1,0.33,0.989
Derrek,EG,Fracture,0.967,174.0,43,42,18,1,72.3,114.7,29.7,2,6,-4,3,2,0.67,0.973
OXY,C9,Fracture,0.873,219.3,47,57,20,-10,74.3,149.0,24.7,13,12,1,3,2,0.67,0.95
jawgemo,G2,Fracture,0.873,219.3,47,52,16,-5,75.7,131.3,12.7,13,9,4,3,2,0.67,0.934
Boostio,100T,Fracture,1.0,175.3,38,44,43,-6,79.0,113.0,25.3,1,1,0,3,2,0.67,0.923
Melser,KRÜ,Fracture,0.905,198.5,28,31,8,-3,71.5,120.0,23.0,5,2,3,2,0,0.0,0.919
Asuna,100T,Fracture,0.823,215.0,45,54,20,-9,65.0,138.3,27.0,15,12,3,3,2,0.67,0.908
mitch,C9,Fracture,0.993,184.7,39,44,31,-5,71.7,120.0,18.7,7,7,0,3,2,0.67,0.907
JonahP,G2,Fracture,0.91,162.3,38,46,35,-8,77.3,95.3,23.7,6,3,3,3,2,0.67,0.89
kiNgg,LEV,Fracture,0.88,194.0,50,56,29,-6,72.0,123.0,21.7,9,11,-2,3,1,0.33,0.861
neT,C9,Fracture,0.92,160.3,38,43,18,-5,73.0,110.3,33.7,2,3,-1,3,2,0.67,0.859
Rossy,ENVY,Fracture,0.855,189.5,34,39,20,-5,76.0,111.5,24.5,2,8,-6,2,1,0.5,0.854
Verno,MIBR,Fracture,0.83,156.0,14,16,3,-2,81.0,102.0,25.0,1,1,0,1,0,0.0,0.852
Zellsis,C9,Fracture,0.85,194.0,11,15,5,-4,56.0,161.0,24.0,0,5,-5,1,0,0.0,0.84
keznit,ENVY,Fracture,0.8,197.5,26,33,8,-7,64.0,129.0,25.0,7,8,-1,2,0,0.0,0.825
brawk,NRG,Fracture,0.845,158.0,48,55,22,-7,76.5,110.5,19.5,3,7,-4,4,2,0.5,0.822
Shyy,KRÜ,Fracture,0.83,161.5,24,28,3,-4,52.5,107.5,24.5,3,2,1,2,0,0.0,0.807
johnqt,SEN,Fracture,0.9,163.0,9,14,6,-5,56.0,120.0,31.0,0,2,-2,1,0,0.0,0.805
adverso,KRÜ,Fracture,0.84,158.0,19,29,11,-10,67.0,120.0,17.5,2,3,-1,2,0,0.0,0.8
zekken,MIBR,Fracture,0.88,160.0,10,13,2,-3,61.0,113.0,25.0,2,3,-1,1,0,0.0,0.799
N4RRATE,SEN,Fracture,0.74,151.0,9,15,4,-6,61.0,103.0,30.0,2,1,1,1,0,0.0,0.796
Mazino,MIBR,Fracture,0.715,170.0,26,32,12,-6,65.5,116.0,26.5,0,7,-7,2,0,0.0,0.773
FiNESSE,NRG,Fracture,0.734,156.8,52,78,25,-26,66.0,114.2,19.4,6,13,-7,5,2,0.4,0.761
mwzera,FUR,Fracture,0.76,141.0,10,14,6,-4,65.0,80.0,19.0,3,3,0,1,0,0.0,0.751
heat,FUR,Fracture,0.63,143.5,19,27,6,-8,73.0,98.5,38.5,2,4,-2,2,0,0.0,0.743
pryze,FUR,Fracture,0.77,120.0,7,13,3,-6,47.0,94.0,40.0,0,1,-1,1,0,0.0,0.694
bang,100T,Fracture,0.52,122.0,6,16,7,-10,56.0,78.0,31.0,2,1,1,1,0,0.0,0.673
havoc,FUR,Fracture,0.505,155.0,19,32,7,-13,52.5,109.5,19.5,5,10,-5,2,0,0.0,0.649
raafa,FUR,Fracture,0.54,122.5,16,28,8,-12,60.0,72.5,22.0,1,6,-5,2,0,0.0,0.628
OXY,C9,Haven,1.272,276.5,213,153,26,60,74.3,162.8,30.2,54,33,21,10,7,0.7,1.291
Rossy,ENVY,Haven,1.3,249.0,18,14,7,4,80.0,157.0,31.0,1,0,1,1,0,0.0,1.29
bdog,FUR,Haven,1.33,244.0,16,13,9,3,75.0,153.0,34.0,2,0,2,1,1,1.0,1.281
valyn,G2,Haven,1.277,241.5,191,141,81,50,81.0,152.3,25.5,24,11,13,11,9,0.82,1.271
Khalil,FUR,Haven,1.28,215.0,18,12,4,6,86.0,137.0,42.0,1,0,1,1,0,0.0,1.267
Sato,LEV,Haven,1.244,269.2,113,83,23,30,74.6,173.0,34.6,20,20,0,5,4,0.8,1.264
Darker,LOUD,Haven,1.147,266.7,54,47,16,7,72.7,166.3,29.7,7,4,3,3,0,0.0,1.243
mada,NRG,Haven,1.251,244.4,172,121,22,51,71.6,153.0,28.8,40,28,12,9,5,0.56,1.243
N4RRATE,SEN,Haven,1.225,233.5,122,99,55,23,74.5,158.9,27.8,19,11,8,8,5,0.62,1.238
alym,FUR,Haven,1.21,238.0,19,17,6,2,75.0,155.0,27.0,5,3,2,1,1,1.0,1.235
keiko,NRG,Haven,1.36,198.0,29,20,12,9,73.5,138.5,45.5,2,2,0,2,2,1.0,1.222
trent,G2,Haven,1.329,218.4,175,122,70,53,78.1,147.6,25.5,13,16,-3,11,9,0.82,1.219
C0M,EG,Haven,1.196,210.3,150,114,68,36,78.8,143.6,30.6,17,11,6,9,6,0.67,1.213
Cryocells,100T,Haven,1.165,228.3,175,139,59,36,75.3,152.7,33.5,22,20,2,10,5,0.5,1.203
eeiu,FUR,Haven,1.221,212.4,143,118,47,25,73.8,146.8,31.0,7,6,1,9,5,0.56,1.193
dgzin,EG,Haven,1.12,232.9,121,93,16,28,70.7,149.3,21.1,34,24,10,7,3,0.43,1.181
Add3r,FUR,Haven,1.18,235.0,18,14,0,4,75.0,148.0,34.0,1,2,-1,1,1,1.0,1.174
bang,100T,Haven,1.214,213.8,155,119,81,36,77.1,132.1,36.4,17,21,-4,10,6,0.6,1.168
penny,C9,Haven,1.103,199.3,45,38,15,7,78.3,125.3,23.3,9,6,3,3,3,1.0,1.154
skuba,NRG,Haven,1.162,189.3,88,69,20,19,77.3,134.8,28.0,7,8,-1,6,4,0.67,1.14
lukxo,LOUD,Haven,0.979,228.3,104,97,20,7,69.0,149.4,30.7,21,15,6,7,1,0.14,1.139
Melser,KRÜ,Haven,1.117,196.7,136,115,72,21,78.0,120.9,30.1,15,14,1,9,0,0.0,1.138
nataNk,LEV,Haven,1.12,192.0,13,12,14,1,81.0,113.0,23.0,2,2,0,1,1,1.0,1.126
BABYBAY,G2,Haven,1.08,196.0,48,41,27,7,81.2,126.5,20.0,9,9,0,4,4,1.0,1.125
keznit,ENVY,Haven,1.089,217.3,143,131,41,12,74.1,143.4,30.6,27,32,-5,9,0,0.0,1.123
johnqt,SEN,Haven,1.209,184.6,104,83,75,21,76.6,122.4,24.8,5,9,-4,8,5,0.62,1.119
xenom,MIBR,Haven,1.02,191.4,75,71,47,4,79.2,128.4,33.4,7,5,2,5,3,0.6,1.116
v1c,C9,Haven,1.043,186.3,141,133,86,8,77.6,124.7,32.4,16,14,2,10,7,0.7,1.101
cortezia,SEN,Haven,1.002,192.0,83,75,16,8,69.4,127.0,35.2,11,10,1,5,3,0.6,1.09
stellar,FUR,Haven,1.13,193.0,14,12,5,2,70.0,143.0,16.0,3,4,-1,1,1,1.0,1.09
mwzera,FUR,Haven,1.06,220.0,16,15,6,1,71.0,138.0,13.0,1,2,-1,1,0,0.0,1.085
JonahP,G2,Haven,1.095,189.7,129,125,93,4,74.9,120.7,19.8,20,13,7,10,8,0.8,1.082
zekken,MIBR,Haven,1.031,205.5,153,143,54,10,73.5,129.1,28.1,29,37,-8,11,5,0.45,1.074
yay,EG,Haven,0.966,214.4,79,77,8,2,65.4,143.4,30.8,19,18,1,5,1,0.2,1.05
brawk,NRG,Haven,1.052,193.2,109,109,49,0,75.0,130.1,18.4,14,8,6,8,4,0.5,1.048
Ethan,NRG,Haven,1.054,204.9,130,131,79,-1,76.9,133.7,25.3,19,20,-1,9,5,0.56,1.034
aspas,MIBR,Haven,0.942,195.4,117,115,27,2,70.2,127.9,27.9,33,25,8,8,3,0.38,1.03
Xeppaa,C9,Haven,0.995,198.8,147,150,64,-3,78.9,131.2,23.0,12,9,3,10,7,0.7,1.019
jawgemo,G2,Haven,0.955,195.5,153,151,46,2,74.9,126.0,19.7,34,34,0,11,9,0.82,1.007
Derrek,EG,Haven,1.018,195.0,65,74,31,-9,74.6,142.2,33.2,8,3,5,5,1,0.2,0.987
Timotino,100T,Haven,0.89,227.5,35,36,10,-1,63.5,145.5,38.5,9,7,2,2,1,0.5,0.987
Shyy,KRÜ,Haven,1.011,185.1,119,125,51,-6,74.7,125.2,28.4,14,8,6,9,0,0.0,0.984
havoc,FUR,Haven,0.89,211.0,14,19,7,-5,86.0,139.0,27.0,5,3,2,1,0,0.0,0.983
s0m,NRG,Haven,1.021,189.7,99,100,71,-1,73.9,127.7,30.6,10,16,-6,7,3,0.43,0.982
artzin,FUR,Haven,1.002,200.3,89,92,58,-3,72.7,137.0,24.7,14,16,-2,6,4,0.67,0.965
Verno,MIBR,Haven,0.979,174.7,118,118,41,0,75.4,118.4,25.0,9,13,-4,9,4,0.44,0.963
leaf,G2,Haven,0.952,205.2,111,121,51,-10,69.5,141.0,22.5,21,12,9,8,6,0.75,0.95
kiNgg,LEV,Haven,1.033,179.7,98,102,73,-4,73.7,115.1,27.3,12,14,-2,7,5,0.71,0.943
NaturE,EG,Haven,0.99,206.8,69,80,53,-11,75.0,133.0,28.8,1,7,-6,5,1,0.2,0.927
nerve,FUR,Haven,1.01,171.0,14,17,6,-3,71.0,115.0,15.0,3,0,3,1,1,1.0,0.916
Demon1,ENVY,Haven,0.83,207.0,29,34,4,-5,63.5,137.0,34.0,8,6,2,2,1,0.5,0.905
Mazino,MIBR,Haven,0.917,189.7,159,181,79,-22,68.9,128.7,23.8,20,18,2,12,0,0.0,0.9
bao,EG,Haven,0.845,165.0,24,26,9,-2,75.5,115.5,28.5,2,1,1,2,1,0.5,0.887
silentzz,2G,Haven,0.846,214.8,71,82,11,-11,63.4,142.8,46.4,13,15,-2,5,0,0.0,0.884
Dantedeu5,KRÜ,Haven,0.94,191.8,71,75,33,-4,67.2,120.4,21.6,15,19,-4,5,0,0.0,0.877
spike,LEV,Haven,0.845,211.0,26,29,3,-3,54.5,138.0,44.0,7,7,0,2,0,0.0,0.871
Okeanos,EG,Haven,0.903,187.6,105,112,38,-7,70.4,123.3,29.1,13,18,-5,7,5,0.71,0.866
gobera,2G,Haven,0.848,189.6,64,77,14,-13,55.0,126.2,32.8,11,6,5,5,0,0.0,0.864
supamen,EG,Haven,0.904,184.7,95,107,42,-12,69.3,120.9,35.4,10,16,-6,7,2,0.29,0.864
zander,100T,Haven,0.931,180.2,108,116,76,-8,72.9,114.5,22.9,17,21,-4,8,4,0.5,0.862
pANcada,LOUD,Haven,0.848,171.3,116,139,44,-23,70.3,116.2,37.6,9,12,-3,10,2,0.2,0.847
Zellsis,C9,Haven,0.892,181.0,123,137,34,-14,66.3,122.5,24.4,20,24,-4,10,7,0.7,0.846
mitch,C9,Haven,0.909,172.5,92,113,86,-21,73.0,117.1,16.0,5,17,-12,8,5,0.62,0.844
koalanoob,FUR,Haven,0.85,187.0,16,18,7,-2,67.0,111.0,38.0,3,6,-3,1,1,1.0,0.837
tex,MIBR,Haven,0.841,167.4,125,149,41,-24,70.9,107.7,31.5,19,22,-3,10,5,0.5,0.832
vora,100T,Haven,0.855,156.5,23,30,12,-7,72.0,104.0,35.0,2,3,-1,2,1,0.5,0.821
neT,C9,Haven,0.861,155.6,97,110,36,-13,71.8,103.2,29.0,12,20,-8,8,5,0.62,0.816
Askia,2G,Haven,0.76,167.0,26,33,5,-7,55.0,120.0,29.5,5,4,1,2,0,0.0,0.811
jakee,FUR,Haven,0.77,162.0,10,16,10,-6,75.0,111.0,26.0,0,3,-3,1,1,1.0,0.805
cauanzin,LOUD,Haven,0.799,168.8,113,140,35,-27,65.7,116.4,27.7,13,17,-4,10,2,0.2,0.804
Palla,FUR,Haven,0.75,178.0,11,16,2,-5,56.0,124.0,36.0,2,2,0,1,0,0.0,0.803
Kess,100T,Haven,0.83,166.0,40,48,9,-8,61.3,104.3,38.0,5,6,-1,3,1,0.33,0.802
adverso,KRÜ,Haven,0.782,153.0,51,70,24,-19,72.6,106.4,19.8,5,6,-1,5,0,0.0,0.8
Asuna,100T,Haven,0.81,164.6,115,152,55,-37,67.7,107.5,22.4,26,33,-7,10,5,0.5,0.793
Zap,2G,Haven,0.83,157.5,26,30,9,-4,70.0,105.5,14.5,0,4,-4,2,0,0.0,0.789
tuyz,LOUD,Haven,0.766,144.0,49,66,29,-17,69.0,99.0,38.6,7,8,-1,5,1,0.2,0.789
heat,FUR,Haven,0.75,163.5,24,32,4,-8,54.0,107.0,41.5,3,8,-5,2,0,0.0,0.752
icy,EG,Haven,0.682,147.0,55,80,15,-25,61.8,95.6,36.6,12,12,0,5,1,0.2,0.752
Virtyy,LOUD,Haven,0.672,171.2,59,80,17,-21,60.4,105.8,27.8,13,18,-5,5,0,0.0,0.74
raafa,FUR,Haven,0.74,150.0,11,16,5,-5,57.0,111.0,23.0,0,2,-2,1,0,0.0,0.734
lz,2G,Haven,0.696,136.2,44,73,41,-29,63.0,89.8,41.4,6,12,-6,5,0,0.0,0.725
v1nny,LOUD,Haven,0.663,130.8,36,54,30,-18,72.0,85.8,32.8,3,5,-2,4,2,0.5,0.725
RobbieBk,LOUD,Haven,0.62,137.0,18,29,8,-11,53.5,104.5,36.5,0,3,-3,2,0,0.0,0.684
PxS,LEV,Haven,0.52,127.0,7,15,1,-8,53.0,81.0,44.0,2,1,1,1,0,0.0,0.682
Boostio,100T,Haven,0.564,133.2,46,80,16,-34,58.0,88.8,37.0,7,12,-5,5,3,0.6,0.665
pryze,2G,Haven,0.537,115.7,18,45,14,-27,56.7,87.0,17.0,2,1,1,3,0,0.0,0.66
FiNESSE,NRG,Haven,0.537,112.7,21,49,24,-28,56.3,78.3,11.7,3,10,-7,3,1,0.33,0.602
Urango,FUR,Haven,0.27,133.0,7,17,1,-10,44.0,89.0,29.0,2,4,-2,1,0,0.0,0.597
aspas,MIBR,Icebox,1.573,303.4,152,74,19,78,82.9,193.0,28.0,30,7,23,7,7,1.0,1.403
leaf,G2,Icebox,1.345,282.0,43,29,5,14,79.0,180.5,24.0,6,2,4,2,1,0.5,1.339
yay,EG,Icebox,1.305,260.0,49,35,7,14,75.0,164.5,22.5,17,9,8,2,2,1.0,1.284
pANcada,LOUD,Icebox,1.313,226.7,59,42,15,17,73.7,159.0,34.7,5,3,2,3,1,0.33,1.264
mada,NRG,Icebox,1.232,252.0,92,70,19,22,74.2,163.4,28.4,26,19,7,5,4,0.8,1.258
Cryocells,100T,Icebox,1.252,258.0,134,94,11,40,77.2,164.2,28.8,20,22,-2,6,2,0.33,1.236
icy,EG,Icebox,1.15,254.5,49,38,6,11,69.0,172.5,32.5,6,5,1,2,2,1.0,1.232
trent,G2,Icebox,1.24,218.5,31,24,15,7,76.5,153.0,20.0,4,3,1,2,1,0.5,1.224
keznit,ENVY,Icebox,1.174,250.4,91,75,21,16,73.0,157.4,18.4,27,11,16,5,0,0.0,1.221
lukxo,LOUD,Icebox,1.153,234.3,59,52,16,7,69.7,154.3,32.3,15,7,8,3,1,0.33,1.204
Ethan,NRG,Icebox,1.286,216.6,76,64,52,12,80.2,140.6,25.8,6,8,-2,5,4,0.8,1.198
brawk,NRG,Icebox,1.146,214.6,76,63,35,13,76.0,144.8,17.4,7,1,6,5,4,0.8,1.182
N4RRATE,SEN,Icebox,1.196,228.6,80,66,26,14,73.0,162.2,28.4,6,12,-6,5,2,0.4,1.175
xenom,MIBR,Icebox,1.124,200.9,105,81,41,24,74.6,133.7,35.9,12,9,3,7,7,1.0,1.166
bang,100T,Icebox,1.12,220.8,74,69,33,5,74.6,145.0,29.8,12,12,0,5,2,0.4,1.162
Askia,2G,Icebox,1.055,249.5,32,32,8,0,79.0,172.0,31.5,6,3,3,2,0,0.0,1.15
Mazino,MIBR,Icebox,1.082,224.4,87,74,22,13,77.0,151.4,28.6,9,12,-3,5,0,0.0,1.139
cortezia,SEN,Icebox,1.073,202.6,99,88,33,11,77.4,144.9,32.1,12,14,-2,7,7,1.0,1.129
skuba,NRG,Icebox,1.077,222.7,48,46,19,2,80.7,158.0,26.0,4,7,-3,3,3,1.0,1.124
zekken,MIBR,Icebox,0.97,212.8,84,78,23,6,70.4,138.6,33.8,20,13,7,5,2,0.4,1.122
Zellsis,C9,Icebox,1.068,210.6,75,67,22,8,70.4,141.4,25.6,11,11,0,5,2,0.4,1.12
Virtyy,LOUD,Icebox,1.065,200.0,35,29,6,6,77.0,132.0,34.0,7,8,-1,2,1,0.5,1.104
lz,2G,Icebox,1.045,217.0,30,29,9,1,71.0,142.5,41.5,6,6,0,2,0,0.0,1.097
Shyy,KRÜ,Icebox,1.076,177.8,73,59,14,14,73.4,116.2,22.8,7,6,1,5,0,0.0,1.093
Verno,MIBR,Icebox,1.116,167.0,79,68,37,11,78.1,116.6,26.4,8,10,-2,7,7,1.0,1.089
s0m,NRG,Icebox,0.99,203.6,72,71,21,1,80.4,135.4,32.6,12,8,4,5,4,0.8,1.085
mitch,C9,Icebox,1.078,194.2,66,57,27,9,70.2,129.0,23.8,4,9,-5,4,2,0.5,1.073
eeiu,FUR,Icebox,1.107,203.5,89,88,36,1,73.2,135.0,31.7,5,6,-1,6,2,0.33,1.064
valyn,G2,Icebox,0.98,199.0,30,29,7,1,68.0,131.5,30.0,3,5,-2,2,1,0.5,1.011
Palla,FUR,Icebox,0.92,223.0,9,12,2,-3,69.0,145.0,34.0,2,1,1,1,0,0.0,0.966
OXY,C9,Icebox,0.91,210.5,73,78,10,-5,71.0,139.8,29.2,15,13,2,4,2,0.5,0.95
Xeppaa,C9,Icebox,0.998,197.5,61,64,20,-3,62.0,141.5,27.8,7,7,0,4,2,0.5,0.936
neT,C9,Icebox,0.912,195.2,63,68,23,-5,70.0,123.8,28.2,11,7,4,4,2,0.5,0.923
cauanzin,LOUD,Icebox,0.96,181.0,45,46,23,-1,71.0,121.7,20.7,4,7,-3,3,1,0.33,0.92
heat,FUR,Icebox,0.85,198.0,18,25,5,-7,70.5,127.5,35.5,3,1,2,2,0,0.0,0.917
Demon1,ENVY,Icebox,0.86,174.5,28,31,6,-3,66.5,124.5,41.0,6,4,2,2,0,0.0,0.892
tex,MIBR,Icebox,0.862,186.8,77,80,9,-3,69.2,128.8,35.4,11,14,-3,5,0,0.0,0.889
v1c,C9,Icebox,0.92,186.0,58,65,16,-7,69.0,132.8,29.5,8,13,-5,4,2,0.5,0.874
Melser,KRÜ,Icebox,0.886,170.8,59,73,35,-14,80.4,119.2,24.8,7,9,-2,5,0,0.0,0.872
kiNgg,LEV,Icebox,0.922,185.0,61,78,29,-17,69.2,128.0,27.0,6,13,-7,5,0,0.0,0.868
johnqt,SEN,Icebox,0.932,153.8,54,68,58,-14,78.6,102.2,24.4,3,4,-1,5,2,0.4,0.864
Derrek,EG,Icebox,0.875,174.5,31,35,10,-4,71.0,125.0,38.0,0,2,-2,2,2,1.0,0.857
adverso,KRÜ,Icebox,0.958,171.2,71,76,31,-5,62.8,116.8,19.8,7,9,-2,6,0,0.0,0.856
Okeanos,EG,Icebox,0.887,181.3,41,47,21,-6,67.3,111.0,50.3,3,7,-4,3,0,0.0,0.854
dgzin,EG,Icebox,0.67,186.0,15,19,6,-4,63.0,124.0,53.0,5,4,1,1,0,0.0,0.841
supamen,EG,Icebox,0.825,165.0,30,36,14,-6,75.0,111.0,42.5,0,1,-1,2,2,1.0,0.838
Kess,100T,Icebox,0.76,160.0,25,36,10,-11,67.5,117.0,25.5,5,3,2,2,0,0.0,0.834
Asuna,100T,Icebox,0.877,175.8,80,95,47,-15,67.7,115.8,25.5,6,14,-8,6,2,0.33,0.832
jawgemo,G2,Icebox,0.895,158.0,22,29,13,-7,71.0,104.5,26.5,1,5,-4,2,1,0.5,0.824
artzin,FUR,Icebox,0.799,181.1,88,97,33,-9,70.4,117.1,26.6,15,20,-5,7,7,1.0,0.822
zander,100T,Icebox,0.758,170.0,73,101,39,-28,69.3,111.3,22.3,17,16,1,6,2,0.33,0.822
NaturE,EG,Icebox,0.805,176.5,32,40,24,-8,67.5,117.0,21.5,5,7,-2,2,2,1.0,0.807
Sato,LEV,Icebox,0.777,189.0,46,50,5,-4,59.3,122.3,32.3,9,14,-5,3,0,0.0,0.8
Khalil,FUR,Icebox,0.66,168.0,8,13,3,-5,69.0,103.0,19.0,1,0,1,1,0,0.0,0.796
RobbieBk,LOUD,Icebox,0.73,159.5,27,35,5,-8,60.5,113.5,34.0,2,2,0,2,1,0.5,0.785
Rossy,ENVY,Icebox,0.715,155.0,20,35,23,-15,73.5,107.0,27.5,2,3,-1,2,0,0.0,0.777
Boostio,100T,Icebox,0.692,163.2,43,68,13,-25,59.8,111.5,29.2,8,9,-1,4,2,0.5,0.756
C0M,EG,Icebox,0.686,146.6,52,84,18,-32,65.6,104.6,30.6,5,8,-3,5,0,0.0,0.741
JonahP,G2,Icebox,0.74,146.5,20,29,9,-9,61.5,104.5,20.5,6,7,-1,2,1,0.5,0.736
PxS,LEV,Icebox,0.615,143.0,18,32,19,-14,74.0,86.0,24.5,2,3,-1,2,0,0.0,0.719
FiNESSE,NRG,Icebox,0.75,127.5,21,27,6,-6,60.5,71.5,16.5,2,2,0,2,1,0.5,0.716
silentzz,2G,Icebox,0.64,153.5,20,33,2,-13,57.5,100.0,21.5,0,2,-2,2,0,0.0,0.697
havoc,FUR,Icebox,0.42,164.0,8,13,2,-5,56.0,105.0,30.0,5,5,0,1,0,0.0,0.693
pryze,FUR,Icebox,0.63,150.0,8,12,1,-4,56.0,94.0,19.0,0,2,-2,1,0,0.0,0.68
v1nny,LOUD,Icebox,0.56,126.0,11,20,6,-9,63.0,92.0,19.0,1,2,-1,1,0,0.0,0.657
gobera,2G,Icebox,0.375,102.0,12,30,6,-18,58.0,74.5,23.0,1,9,-8,2,0,0.0,0.594
raafa,FUR,Icebox,0.22,97.0,5,13,6,-8,50.0,57.0,24.0,1,2,-1,1,0,0.0,0.56
tuyz,FUR,Icebox,0.16,79.0,3,13,2,-10,46.0,69.0,30.0,0,2,-2,1,0,0.0,0.558
Urango,FUR,Icebox,0.14,95.0,3,13,2,-10,46.0,75.0,11.0,0,4,-4,1,0,0.0,0.542
penny,C9,Lotus,1.95,340.0,22,8,7,14,89.0,228.0,25.0,4,2,2,1,1,1.0,1.417
jakee,FUR,Lotus,1.59,280.0,19,9,8,10,89.0,176.0,24.0,1,1,0,1,1,1.0,1.374
lukxo,LOUD,Lotus,1.413,291.7,77,53,16,24,69.0,188.3,37.0,14,3,11,3,2,0.67,1.355
jawgemo,G2,Lotus,1.296,262.8,182,131,48,51,77.1,162.0,25.1,38,24,14,9,7,0.78,1.29
Asuna,100T,Lotus,1.21,269.0,77,59,21,18,71.5,172.2,28.5,15,13,2,4,3,0.75,1.265
dgzin,EG,Lotus,1.208,257.0,89,69,21,20,74.2,162.2,32.0,23,12,11,4,3,0.75,1.257
Sato,LEV,Lotus,1.176,265.8,94,82,19,12,73.4,174.8,27.6,21,19,2,5,3,0.6,1.253
brawk,NRG,Lotus,1.253,217.6,143,108,67,35,80.4,138.7,18.6,10,7,3,9,6,0.67,1.217
N4RRATE,SEN,Lotus,1.204,217.5,176,140,77,36,79.2,141.4,24.2,23,7,16,11,7,0.64,1.215
valyn,G2,Lotus,1.169,224.4,158,131,75,27,78.8,145.0,22.8,17,12,5,9,7,0.78,1.21
Okeanos,EG,Lotus,1.196,221.8,90,68,34,22,78.4,145.6,33.4,13,13,0,5,3,0.6,1.2
havoc,FUR,Lotus,1.013,251.0,65,62,15,3,73.7,152.3,37.3,20,10,10,3,1,0.33,1.188
Demon1,ENVY,Lotus,1.16,253.5,40,30,9,10,70.0,171.5,31.5,5,7,-2,2,1,0.5,1.185
johnqt,SEN,Lotus,1.2,184.4,146,125,114,21,82.7,122.5,29.0,13,8,5,11,7,0.64,1.185
pANcada,LOUD,Lotus,1.164,202.0,88,77,49,11,72.8,131.8,34.2,16,7,9,5,3,0.6,1.174
zekken,MIBR,Lotus,1.127,241.1,192,156,47,36,74.2,153.8,21.5,45,46,-1,11,7,0.64,1.174
kiNgg,LEV,Lotus,1.159,211.4,109,93,42,16,75.4,138.9,25.1,11,10,1,7,4,0.57,1.167
keznit,ENVY,Lotus,1.053,234.3,107,100,30,7,67.5,151.3,26.0,24,21,3,6,0,0.0,1.16
skuba,NRG,Lotus,1.177,206.3,101,74,45,27,79.8,136.3,25.3,9,11,-2,6,5,0.83,1.155
nataNk,LEV,Lotus,1.14,192.0,13,8,5,5,90.0,138.0,24.0,1,3,-2,1,1,1.0,1.152
bdog,FUR,Lotus,1.22,181.0,12,8,12,4,83.0,95.0,37.0,0,0,0,1,1,1.0,1.151
Shyy,KRÜ,Lotus,1.128,206.3,101,81,25,20,72.0,138.2,30.2,6,5,1,6,0,0.0,1.15
Derrek,EG,Lotus,1.061,202.8,123,114,53,9,73.9,141.2,28.5,13,8,5,8,5,0.62,1.149
supamen,EG,Lotus,1.104,205.9,128,117,32,11,65.2,139.6,37.0,15,11,4,8,5,0.62,1.147
OXY,C9,Lotus,1.012,248.6,250,240,56,10,73.8,162.9,27.6,60,60,0,13,6,0.46,1.144
v1c,C9,Lotus,1.094,200.5,212,198,120,14,75.2,132.5,30.3,22,19,3,13,6,0.46,1.142
eeiu,FUR,Lotus,1.11,185.8,63,48,26,15,82.5,117.0,31.5,7,7,0,4,3,0.75,1.133
s0m,NRG,Lotus,1.094,216.3,180,162,100,18,75.7,136.5,24.4,20,22,-2,11,6,0.55,1.133
leaf,G2,Lotus,1.074,218.9,117,103,40,14,72.1,148.9,24.1,18,20,-2,7,6,0.86,1.124
stellar,FUR,Lotus,1.02,216.0,15,12,6,3,83.0,144.0,22.0,1,2,-1,1,1,1.0,1.118
trent,G2,Lotus,1.039,187.6,137,124,52,13,78.2,127.0,28.4,17,16,1,9,7,0.78,1.112
aspas,MIBR,Lotus,0.972,218.0,172,167,38,5,69.7,146.9,25.6,39,31,8,10,2,0.2,1.087
icy,EG,Lotus,1.046,213.8,131,118,29,13,69.4,138.6,23.6,32,36,-4,8,5,0.62,1.084
Cryocells,100T,Lotus,0.99,213.2,61,61,21,0,75.5,144.0,29.8,13,8,5,4,3,0.75,1.068
Ethan,NRG,Lotus,1.04,203.1,165,161,83,4,74.9,128.4,21.7,17,19,-2,11,6,0.55,1.047
Verno,MIBR,Lotus,0.991,186.2,129,129,55,0,77.8,120.5,30.0,13,11,2,8,2,0.25,1.023
bang,100T,Lotus,0.993,188.3,158,154,75,4,72.6,113.4,32.8,21,24,-3,11,7,0.64,1.009
Askia,2G,Lotus,0.955,195.5,33,32,4,1,59.5,140.0,33.5,7,8,-1,2,0,0.0,0.987
C0M,EG,Lotus,0.986,164.6,84,87,38,-3,75.7,117.1,31.0,11,5,6,7,4,0.57,0.977
lz,2G,Lotus,0.998,202.2,89,93,47,-4,68.7,123.7,41.7,15,19,-4,6,0,0.0,0.937
Mazino,MIBR,Lotus,0.943,199.8,83,97,63,-14,78.2,127.5,26.2,9,9,0,6,0,0.0,0.934
FiNESSE,NRG,Lotus,0.954,179.8,61,74,40,-13,73.2,122.6,22.6,7,2,5,5,1,0.2,0.926
Xeppaa,C9,Lotus,0.938,186.6,189,207,79,-18,76.9,126.5,22.9,20,20,0,13,6,0.46,0.915
JonahP,G2,Lotus,0.99,178.7,123,138,92,-15,78.4,113.8,21.9,11,12,-1,9,7,0.78,0.912
silentzz,2G,Lotus,0.882,182.7,74,97,28,-23,68.5,126.8,33.0,11,8,3,6,0,0.0,0.906
heat,FUR,Lotus,0.837,177.3,52,54,17,-2,64.7,119.7,45.7,7,6,1,3,1,0.33,0.898
Zap,2G,Lotus,0.785,192.0,26,31,6,-5,72.5,133.5,29.0,2,1,1,2,0,0.0,0.897
Zellsis,C9,Lotus,0.952,177.8,143,151,70,-8,67.3,116.4,22.7,20,23,-3,11,7,0.64,0.885
NaturE,EG,Lotus,0.916,180.4,109,128,66,-19,71.8,113.2,22.9,10,10,0,8,5,0.62,0.879
Khalil,FUR,Lotus,0.92,185.0,51,54,25,-3,72.0,126.0,29.0,6,10,-4,3,1,0.33,0.875
zander,100T,Lotus,0.898,175.0,51,56,26,-5,66.5,104.5,25.2,8,6,2,4,3,0.75,0.875
yay,EG,Lotus,0.836,202.2,130,147,46,-17,69.1,132.8,34.5,14,26,-12,8,5,0.62,0.865
spike,LEV,Lotus,0.827,214.0,45,47,7,-2,56.7,140.7,23.7,12,18,-6,3,0,0.0,0.859
BABYBAY,G2,Lotus,0.9,194.0,29,35,12,-6,66.5,125.5,19.0,6,7,-1,2,1,0.5,0.851
tex,MIBR,Lotus,0.831,155.4,82,100,21,-18,71.1,103.9,34.7,14,12,2,7,4,0.57,0.849
mitch,C9,Lotus,0.898,170.6,166,208,125,-42,73.9,111.3,21.5,16,29,-13,13,6,0.46,0.844
cauanzin,LOUD,Lotus,0.816,189.4,79,95,31,-16,69.4,123.2,20.4,8,10,-2,5,3,0.6,0.834
neT,C9,Lotus,0.878,167.6,175,202,66,-27,68.2,109.7,32.5,19,24,-5,13,6,0.46,0.834
PxS,LEV,Lotus,0.94,166.0,14,17,11,-3,65.0,111.0,22.0,2,4,-2,1,0,0.0,0.829
nzr,MIBR,Lotus,0.912,164.2,45,57,18,-12,62.2,107.8,29.0,0,1,-1,4,0,0.0,0.828
Dantedeu5,KRÜ,Lotus,0.685,178.0,29,36,8,-7,67.5,114.0,29.0,8,7,1,2,0,0.0,0.826
mada,NRG,Lotus,0.81,190.5,151,181,49,-30,66.4,125.5,22.4,47,55,-8,11,6,0.55,0.824
Rossy,ENVY,Lotus,0.78,157.0,13,17,10,-4,70.0,99.0,18.0,2,1,1,1,0,0.0,0.823
cortezia,SEN,Lotus,0.823,173.8,136,166,56,-30,59.7,116.0,38.0,21,22,-1,10,2,0.2,0.823
raafa,FUR,Lotus,0.893,147.0,42,47,26,-5,74.0,98.7,28.3,3,5,-2,3,1,0.33,0.821
xenom,MIBR,Lotus,0.861,169.4,137,158,65,-21,66.8,107.9,33.8,12,22,-10,10,2,0.2,0.821
tuyz,LOUD,Lotus,0.902,139.2,49,55,21,-6,68.8,94.5,31.5,3,5,-2,4,3,0.75,0.802
Kess,100T,Lotus,0.715,174.5,28,29,5,-1,60.0,118.0,24.5,1,5,-4,2,1,0.5,0.798
gobera,2G,Lotus,0.81,157.2,68,89,39,-21,67.0,104.5,29.5,5,9,-4,6,0,0.0,0.79
RobbieBk,LOUD,Lotus,0.74,167.0,11,20,17,-9,73.0,107.0,23.0,0,1,-1,1,0,0.0,0.788
pryze,2G,Lotus,0.813,162.9,87,111,44,-24,62.1,108.1,23.4,3,11,-8,7,1,0.14,0.779
artzin,FUR,Lotus,0.76,172.5,129,178,73,-49,62.0,113.1,24.3,23,35,-12,10,2,0.2,0.774
Boostio,100T,Lotus,0.84,102.5,14,23,23,-9,81.5,65.0,27.0,0,1,-1,2,2,1.0,0.762
Melser,KRÜ,Lotus,0.748,146.5,67,96,40,-29,68.0,96.8,24.5,13,16,-3,6,0,0.0,0.754
v1nny,LOUD,Lotus,0.625,124.5,19,37,17,-18,72.0,86.0,29.5,2,6,-4,2,1,0.5,0.706
adverso,KRÜ,Lotus,0.59,136.8,37,64,16,-27,65.2,96.5,21.8,4,8,-4,4,0,0.0,0.688
Add3r,FUR,Lotus,0.56,154.0,10,14,3,-4,56.0,102.0,31.0,3,4,-1,1,1,1.0,0.68
Virtyy,LOUD,Lotus,0.62,164.0,15,21,1,-6,50.0,94.0,20.0,5,9,-4,1,0,0.0,0.673
BABYBAY,G2,Pearl,1.54,241.0,15,7,8,8,88.0,169.0,30.0,1,0,1,1,1,1.0,1.366
koalanoob,FUR,Pearl,1.45,292.0,25,12,4,13,65.0,186.0,17.0,7,2,5,1,0,0.0,1.334
s0m,NRG,Pearl,1.433,237.7,49,31,31,18,88.0,151.0,23.7,8,1,7,3,2,0.67,1.332
keiko,NRG,Pearl,1.36,243.7,43,29,9,14,85.3,161.7,31.7,8,0,8,3,2,0.67,1.323
trent,G2,Pearl,1.36,227.3,175,112,60,63,80.4,153.4,25.3,16,9,7,9,7,0.78,1.285
bao,EG,Pearl,1.295,252.5,49,36,11,13,71.0,184.5,23.5,5,3,2,2,1,0.5,1.281
mada,NRG,Pearl,1.208,261.0,101,74,27,27,79.5,164.5,30.8,22,18,4,6,4,0.67,1.276
Mazino,MIBR,Pearl,1.285,255.5,35,31,13,4,74.5,156.0,27.0,6,4,2,2,0,0.0,1.271
Melser,KRÜ,Pearl,1.255,207.5,30,26,21,4,80.0,151.5,25.5,4,2,2,2,0,0.0,1.234
pANcada,LOUD,Pearl,1.21,228.2,99,72,39,27,78.6,154.6,36.8,7,6,1,5,1,0.2,1.23
brawk,NRG,Pearl,1.376,212.8,70,45,26,25,79.4,138.8,21.2,4,6,-2,5,3,0.6,1.214
Reduxx,SEN,Pearl,1.18,242.0,20,16,6,4,71.0,149.0,27.0,7,3,4,1,1,1.0,1.213
Demon1,ENVY,Pearl,1.112,233.2,124,96,32,28,75.3,154.3,35.7,22,17,5,6,3,0.5,1.209
tex,MIBR,Pearl,1.277,229.0,50,36,8,14,74.3,143.3,37.3,5,6,-1,3,1,0.33,1.204
zekken,MIBR,Pearl,1.125,243.0,195,171,59,24,72.3,154.0,26.4,47,37,10,10,7,0.7,1.204
Xeppaa,C9,Pearl,1.176,226.1,175,149,51,26,73.7,149.3,28.1,19,15,4,10,5,0.5,1.203
johnqt,SEN,Pearl,1.173,198.3,188,149,56,39,79.4,134.8,25.5,20,12,8,11,8,0.73,1.187
P0PPIN,ENVY,Pearl,1.057,233.3,65,61,30,4,76.7,150.3,26.3,14,6,8,3,1,0.33,1.184
nzr,MIBR,Pearl,1.177,202.3,55,53,27,2,78.3,147.7,30.3,3,1,2,3,3,1.0,1.178
aspas,MIBR,Pearl,1.104,227.0,110,83,14,27,70.2,144.8,28.4,26,20,6,5,4,0.8,1.174
jawgemo,G2,Pearl,1.053,238.0,164,154,72,10,72.4,150.1,21.7,42,25,17,9,7,0.78,1.171
bang,100T,Pearl,1.134,196.4,215,195,139,20,81.1,125.1,33.4,24,20,4,14,9,0.64,1.167
Kyu,SEN,Pearl,1.05,221.0,17,15,9,2,88.0,147.0,24.0,2,3,-1,1,1,1.0,1.149
leaf,G2,Pearl,1.063,205.6,149,132,54,17,75.4,132.9,23.4,35,24,11,9,7,0.78,1.145
valyn,G2,Pearl,1.086,198.9,148,132,73,16,76.7,131.7,24.1,14,11,3,9,7,0.78,1.141
dgzin,EG,Pearl,1.035,205.3,112,101,27,11,66.3,134.2,27.7,33,23,10,6,2,0.33,1.116
Rossy,ENVY,Pearl,1.162,188.2,68,63,38,5,71.5,128.8,28.8,5,6,-1,4,2,0.5,1.115
v1c,C9,Pearl,1.128,189.7,150,137,83,13,76.8,120.4,29.9,14,17,-3,10,5,0.5,1.112
xenom,MIBR,Pearl,1.078,178.2,90,77,48,13,80.0,116.2,35.6,7,8,-1,5,4,0.8,1.103
Inspire,ENVY,Pearl,1.19,180.5,37,30,14,7,70.5,133.0,23.5,3,5,-2,2,1,0.5,1.101
Eggsterr,ENVY,Pearl,1.07,207.0,60,58,22,2,75.0,130.7,29.7,10,12,-2,3,1,0.33,1.076
mta,KRÜ,Pearl,1.04,217.0,32,31,7,1,67.5,128.5,34.5,5,5,0,2,0,0.0,1.069
Verno,MIBR,Pearl,1.02,179.7,45,44,19,1,81.0,120.3,23.0,5,3,2,3,2,0.67,1.066
benG,KRÜ,Pearl,1.165,201.5,29,30,16,-1,75.0,121.0,27.0,2,0,2,2,0,0.0,1.053
adverso,KRÜ,Pearl,1.01,188.5,28,27,12,1,69.0,122.5,19.5,2,1,1,2,0,0.0,1.048
yay,EG,Pearl,0.94,231.4,90,91,16,-1,61.2,152.0,37.6,24,15,9,5,2,0.4,1.026
supamen,EG,Pearl,1.034,182.9,111,111,57,0,68.7,113.0,42.1,12,8,4,7,3,0.43,1.025
cortezia,SEN,Pearl,0.982,190.5,103,101,24,2,68.3,129.0,35.8,11,12,-1,6,5,0.83,1.013
PxS,LEV,Pearl,0.972,179.0,67,69,23,-2,74.8,117.0,30.0,11,8,3,5,1,0.2,0.983
kiNgg,LEV,Pearl,0.954,188.0,64,67,29,-3,73.8,117.6,33.2,9,6,3,5,2,0.4,0.97
Shyy,KRÜ,Pearl,0.99,200.5,27,28,10,-1,69.5,133.0,27.0,4,4,0,2,0,0.0,0.968
JonahP,G2,Pearl,1.026,189.2,118,124,99,-6,79.6,121.9,22.0,8,17,-9,8,6,0.75,0.941
Cryocells,100T,Pearl,0.914,193.6,122,126,23,-4,67.0,125.1,29.4,24,23,1,8,2,0.25,0.935
skuba,NRG,Pearl,0.97,167.7,28,31,19,-3,87.3,105.7,32.3,3,3,0,3,2,0.67,0.931
neT,C9,Pearl,0.902,177.0,78,83,22,-5,71.8,113.5,36.8,15,11,4,6,3,0.5,0.922
Timotino,100T,Pearl,0.825,214.2,57,68,19,-11,69.2,147.0,35.0,16,15,1,4,2,0.5,0.921
Sato,LEV,Pearl,0.87,206.5,28,29,12,-1,66.5,146.0,34.5,7,11,-4,2,1,0.5,0.92
artzin,FUR,Pearl,0.987,216.2,109,115,58,-6,73.0,136.3,18.2,19,26,-7,6,4,0.67,0.92
gobera,2G,Pearl,0.873,196.3,42,48,12,-6,71.0,140.0,29.0,4,3,1,3,0,0.0,0.92
silentzz,2G,Pearl,0.86,199.0,41,48,15,-7,74.7,136.3,41.7,7,7,0,3,0,0.0,0.919
OXY,C9,Pearl,0.895,205.1,122,126,26,-4,66.5,134.8,27.9,24,30,-6,8,3,0.38,0.912
N4RRATE,SEN,Pearl,0.997,189.9,152,174,116,-22,75.6,125.6,19.6,14,23,-9,11,8,0.73,0.903
v1nny,LOUD,Pearl,0.977,174.0,43,50,44,-7,75.0,121.7,33.0,1,9,-8,3,1,0.33,0.892
vora,100T,Pearl,0.953,185.2,50,59,30,-9,65.5,123.0,31.5,6,6,0,4,2,0.5,0.892
Asuna,100T,Pearl,0.918,180.2,105,124,76,-19,74.6,114.5,22.9,15,15,0,8,2,0.25,0.888
nerve,FUR,Pearl,0.98,162.0,12,14,14,-2,78.0,112.0,38.0,0,1,-1,1,0,0.0,0.888
cauanzin,LOUD,Pearl,0.948,199.2,77,86,29,-9,68.2,132.4,26.0,12,15,-3,5,1,0.2,0.887
blowz,LEV,Pearl,0.89,198.5,27,29,7,-2,71.0,133.5,25.0,1,2,-1,2,1,0.5,0.876
keznit,ENVY,Pearl,0.874,201.6,87,95,30,-8,72.2,133.4,24.4,15,22,-7,5,1,0.2,0.876
eeiu,FUR,Pearl,0.896,178.0,73,78,40,-5,74.6,117.2,42.6,2,10,-8,5,0,0.0,0.874
zander,100T,Pearl,0.86,193.2,62,70,39,-8,75.8,123.8,26.2,5,9,-4,4,0,0.0,0.869
spike,LEV,Pearl,0.84,173.5,24,30,27,-6,73.5,97.0,21.5,4,2,2,2,1,0.5,0.866
mitch,C9,Pearl,0.878,175.8,77,88,37,-11,74.7,123.0,24.7,7,9,-2,6,3,0.5,0.865
Ethan,NRG,Pearl,0.88,185.0,63,74,24,-11,71.2,121.2,22.3,12,14,-2,6,4,0.67,0.859
Zellsis,C9,Pearl,0.93,172.9,190,216,128,-26,74.8,111.8,22.0,19,36,-17,14,9,0.64,0.858
NaturE,EG,Pearl,0.898,182.4,67,82,36,-15,70.2,125.4,22.0,6,11,-5,5,2,0.4,0.854
icy,EG,Pearl,0.816,193.8,78,91,17,-13,71.2,124.4,30.2,16,19,-3,5,2,0.4,0.848
Derrek,EG,Pearl,0.874,169.2,64,79,28,-15,67.8,122.2,25.4,3,4,-1,5,2,0.4,0.846
lukxo,LOUD,Pearl,0.895,201.5,29,31,11,-2,57.5,127.5,29.0,1,7,-6,2,0,0.0,0.842
FiNESSE,NRG,Pearl,0.903,146.7,30,35,21,-5,79.0,107.3,21.0,2,4,-2,3,2,0.67,0.837
Askia,2G,Pearl,0.873,185.7,40,44,13,-4,63.0,118.0,35.0,10,12,-2,3,0,0.0,0.836
nataNk,LEV,Pearl,0.825,190.5,25,33,16,-8,69.0,117.5,22.5,3,5,-2,2,0,0.0,0.829
lz,2G,Pearl,0.74,177.7,38,48,29,-10,76.3,105.0,34.0,3,4,-1,3,0,0.0,0.822
penny,C9,Pearl,0.828,179.2,62,71,24,-9,69.8,118.0,19.0,11,17,-6,4,2,0.5,0.82
NagZ,KRÜ,Pearl,0.87,142.0,18,28,10,-10,64.0,110.5,25.5,1,3,-2,2,0,0.0,0.789
tuyz,LOUD,Pearl,0.775,136.8,51,66,26,-15,69.0,94.5,32.2,4,5,-1,4,1,0.25,0.775
C0M,EG,Pearl,0.746,136.6,52,76,35,-24,68.2,95.0,19.2,4,8,-4,5,2,0.4,0.739
Okeanos,EG,Pearl,0.68,151.5,29,39,11,-10,64.0,100.5,30.0,8,9,-1,2,1,0.5,0.734
alym,FUR,Pearl,0.48,143.0,11,18,4,-7,70.0,90.0,31.0,3,2,1,1,0,0.0,0.729
heat,FUR,Pearl,0.68,159.0,26,40,4,-14,49.0,103.7,44.3,1,2,-1,3,0,0.0,0.721
infiltrator,KRÜ,Pearl,0.6,161.5,20,36,10,-16,60.0,109.5,21.0,6,8,-2,2,0,0.0,0.705
Virtyy,LOUD,Pearl,0.66,163.0,8,13,3,-5,60.0,92.0,15.0,1,4,-3,1,0,0.0,0.704
Boostio,100T,Pearl,0.615,152.5,48,74,11,-26,56.5,101.8,27.0,9,12,-3,4,0,0.0,0.693
raafa,FUR,Pearl,0.61,161.0,23,41,12,-18,57.0,105.3,15.3,2,9,-7,3,0,0.0,0.69
Khalil,FUR,Pearl,0.643,142.0,23,39,8,-16,56.0,94.3,26.0,3,5,-2,3,0,0.0,0.685
Governor,KRÜ,Pearl,0.625,138.0,23,35,6,-12,54.0,88.0,22.5,4,7,-3,2,0,0.0,0.663
Darker,LOUD,Pearl,0.32,71.0,3,13,3,-10,67.0,55.0,6.0,1,0,1,1,0,0.0,0.634
pryze,FUR,Pearl,0.543,125.7,19,38,5,-19,56.0,85.7,22.7,2,5,-3,3,0,0.0,0.632
havoc,FUR,Pearl,0.403,137.3,22,43,3,-21,48.7,85.0,24.3,7,11,-4,3,0,0.0,0.606
keznit,ENVY,Split,1.298,256.2,102,68,16,34,79.0,162.6,20.0,16,10,6,5,0,0.0,1.286
OXY,C9,Split,1.3,247.5,43,28,5,15,79.5,151.0,24.0,10,2,8,2,2,1.0,1.276
koalanoob,FUR,Split,1.317,232.7,48,31,10,17,79.7,157.0,20.7,11,8,3,3,3,1.0,1.271
lukxo,LOUD,Split,1.22,270.3,68,49,14,19,70.3,171.3,30.3,15,10,5,3,0,0.0,1.266
Cryocells,100T,Split,1.194,239.6,186,154,55,32,75.7,160.5,27.4,24,13,11,10,5,0.5,1.238
mada,NRG,Split,1.2,236.7,55,46,14,9,74.7,153.3,31.0,15,11,4,3,1,0.33,1.232
nzr,MIBR,Split,1.232,208.2,58,54,42,4,79.8,146.0,24.8,6,1,5,4,3,0.75,1.222
zekken,MIBR,Split,1.147,245.5,212,173,55,39,74.5,153.8,24.7,59,35,24,12,7,0.58,1.217
Xeppaa,C9,Split,1.272,226.2,71,50,41,21,84.2,146.8,27.0,1,5,-4,4,4,1.0,1.214
Shyy,KRÜ,Split,1.208,203.0,65,49,22,16,80.5,142.2,27.8,6,3,3,4,0,0.0,1.212
leaf,G2,Split,1.188,242.8,177,144,64,33,73.3,156.5,24.5,25,23,2,10,7,0.7,1.211
nataNk,LEV,Split,1.235,216.0,34,27,17,7,76.0,149.0,30.5,6,6,0,2,1,0.5,1.201
Neon,LEV,Split,1.12,233.0,20,16,3,4,78.0,135.0,25.0,8,2,6,1,1,1.0,1.194
mta,KRÜ,Split,1.14,220.0,18,17,2,1,78.0,129.0,20.0,5,2,3,1,0,0.0,1.18
jawgemo,G2,Split,1.089,228.4,161,149,53,12,72.3,147.4,19.5,39,28,11,10,7,0.7,1.169
johnqt,SEN,Split,1.145,207.6,163,139,70,24,78.0,138.4,25.8,11,9,2,11,6,0.55,1.169
Reduxx,SEN,Split,1.075,225.5,43,38,11,5,69.0,148.0,33.5,9,7,2,2,0,0.0,1.167
Inspire,ENVY,Split,0.98,209.0,18,17,6,1,83.0,136.0,47.0,5,1,4,1,0,0.0,1.165
Sato,LEV,Split,1.033,230.7,54,47,13,7,69.7,145.7,36.0,11,9,2,3,1,0.33,1.161
bang,100T,Split,1.081,203.4,210,198,115,12,77.9,130.4,35.0,27,19,8,14,8,0.57,1.153
eeiu,FUR,Split,1.099,201.0,114,102,44,12,73.8,133.2,25.6,12,6,6,8,6,0.75,1.15
aspas,MIBR,Split,1.102,213.4,207,167,35,40,74.7,135.4,21.5,44,41,3,12,7,0.58,1.148
Verno,MIBR,Split,1.142,199.0,126,107,55,19,77.1,136.9,21.8,9,11,-2,8,4,0.5,1.133
dgzin,EG,Split,1.053,223.6,123,112,26,11,69.3,144.7,24.3,23,23,0,7,2,0.29,1.124
trent,G2,Split,1.127,192.5,140,121,56,19,78.0,133.9,28.9,10,14,-4,10,7,0.7,1.122
icy,EG,Split,1.085,240.8,71,69,16,2,73.0,165.8,19.2,11,12,-1,4,1,0.25,1.119
neT,C9,Split,1.06,174.0,14,12,3,2,76.0,119.0,30.0,2,0,2,1,1,1.0,1.116
vora,100T,Split,1.086,219.8,85,85,44,0,78.0,148.4,31.4,9,7,2,5,2,0.4,1.11
v1c,C9,Split,0.975,196.0,62,58,35,4,82.2,125.5,25.2,12,12,0,4,4,1.0,1.1
valyn,G2,Split,1.031,199.0,144,136,67,8,76.9,129.4,23.6,9,21,-12,10,7,0.7,1.066
penny,C9,Split,0.98,205.3,50,46,15,4,75.0,128.7,19.3,5,10,-5,3,3,1.0,1.06
artzin,FUR,Split,0.993,213.3,189,182,88,7,74.7,133.8,21.6,29,33,-4,12,9,0.75,1.053
nerve,FUR,Split,0.957,189.7,39,35,17,4,78.7,119.7,18.3,3,4,-1,3,3,1.0,1.051
xenom,MIBR,Split,0.992,170.6,124,113,63,11,76.1,110.2,28.0,11,15,-4,9,6,0.67,1.037
kiNgg,LEV,Split,1.024,200.0,106,105,35,1,74.4,128.7,31.1,20,21,-1,7,2,0.29,1.033
NagZ,KRÜ,Split,0.98,171.0,16,15,2,1,65.0,140.0,33.0,1,3,-2,1,0,0.0,1.028
alym,FUR,Split,0.937,211.3,38,40,13,-2,83.0,141.0,29.3,8,5,3,3,3,1.0,1.018
Demon1,ENVY,Split,1.005,195.5,91,89,25,2,71.0,131.5,32.2,10,19,-9,6,3,0.5,1.014
havoc,FUR,Split,0.98,237.5,30,32,7,-2,69.5,156.5,26.0,9,5,4,2,0,0.0,0.999
pryze,2G,Split,0.995,208.5,25,28,10,-3,80.0,143.0,23.0,2,0,2,2,0,0.0,0.996
Melser,KRÜ,Split,1.075,170.2,48,49,30,-1,77.5,114.2,31.0,4,7,-3,4,0,0.0,0.975
cortezia,SEN,Split,0.883,195.0,163,171,70,-8,74.7,127.1,27.5,24,13,11,11,6,0.55,0.949
blowz,LEV,Split,0.943,194.0,44,46,14,-2,83.0,129.7,24.3,1,4,-3,3,1,0.33,0.943
N4RRATE,SEN,Split,0.991,188.8,154,161,102,-7,79.5,117.1,21.0,16,24,-8,11,6,0.55,0.933
gobera,2G,Split,0.89,190.0,10,12,7,-2,87.0,116.0,29.0,1,1,0,1,0,0.0,0.928
Zellsis,C9,Split,0.962,181.6,152,158,71,-6,72.3,118.8,21.7,20,26,-6,12,9,0.75,0.911
adverso,KRÜ,Split,0.928,211.0,59,67,20,-8,72.8,144.2,24.8,9,15,-6,4,0,0.0,0.91
Khalil,FUR,Split,0.97,197.5,30,32,7,-2,72.0,127.0,38.0,4,5,-1,2,0,0.0,0.909
Mazino,MIBR,Split,0.95,185.1,95,105,65,-10,74.0,129.1,24.9,13,16,-3,7,1,0.14,0.892
skuba,NRG,Split,0.94,188.0,45,48,10,-3,70.3,120.0,21.7,6,6,0,3,1,0.33,0.892
pANcada,LOUD,Split,0.904,178.6,99,117,48,-18,67.7,120.1,33.6,12,11,1,7,2,0.29,0.885
brawk,NRG,Split,1.01,175.7,41,44,20,-3,67.0,131.0,24.0,2,4,-2,3,1,0.33,0.881
yay,EG,Split,0.902,183.8,57,64,13,-7,58.5,116.8,35.0,13,10,3,4,1,0.25,0.88
silentzz,2G,Split,0.79,210.0,10,14,3,-4,60.0,124.0,37.0,4,3,1,1,0,0.0,0.877
zander,100T,Split,0.952,167.6,59,66,39,-7,75.4,107.6,24.8,6,7,-1,5,3,0.6,0.877
C0M,EG,Split,0.883,187.0,51,64,33,-13,77.5,127.2,18.8,2,8,-6,4,1,0.25,0.871
Asuna,100T,Split,0.872,188.9,139,169,69,-30,77.5,125.4,19.3,25,39,-14,10,5,0.5,0.869
Timotino,100T,Split,0.758,204.2,82,98,14,-16,62.0,135.8,27.0,29,26,3,5,2,0.4,0.869
tuyz,LOUD,Split,0.865,170.8,81,102,48,-21,70.2,114.2,30.5,11,11,0,6,2,0.33,0.859
Rossy,ENVY,Split,0.89,194.7,44,49,22,-5,63.3,129.3,29.3,3,6,-3,3,0,0.0,0.853
infiltrator,KRÜ,Split,0.87,205.0,17,19,7,-2,65.0,133.0,19.0,2,5,-3,1,0,0.0,0.852
keiko,NRG,Split,0.89,164.0,41,45,19,-4,72.3,100.7,40.0,1,7,-6,3,1,0.33,0.839
BABYBAY,G2,Split,0.762,186.5,49,60,31,-11,64.5,117.0,15.8,11,9,2,4,3,0.75,0.837
Derrek,EG,Split,0.845,175.5,54,63,27,-9,70.2,115.0,34.5,4,8,-4,4,1,0.25,0.836
cauanzin,LOUD,Split,0.87,186.9,98,118,37,-20,64.6,124.3,23.6,13,25,-12,7,2,0.29,0.835
JonahP,G2,Split,0.872,151.2,68,79,52,-11,73.2,96.5,20.3,8,8,0,6,4,0.67,0.83
tex,MIBR,Split,0.803,160.3,91,107,18,-16,66.3,108.1,36.3,12,13,-1,7,2,0.29,0.814
PxS,LEV,Split,0.865,168.5,25,29,12,-4,65.0,114.5,22.0,0,3,-3,2,0,0.0,0.811
Governor,KRÜ,Split,0.83,164.0,11,16,11,-5,70.0,113.0,21.0,0,2,-2,1,0,0.0,0.808
mitch,C9,Split,0.71,155.0,10,17,12,-7,71.0,101.0,22.0,3,2,1,1,1,1.0,0.808
Boostio,100T,Split,0.78,136.6,48,70,37,-22,73.2,90.0,32.4,7,6,1,5,3,0.6,0.807
benG,KRÜ,Split,0.82,158.0,13,17,5,-4,61.0,112.0,39.0,0,3,-3,1,0,0.0,0.791
mwzera,FUR,Split,0.77,155.0,9,13,4,-4,63.0,98.0,12.0,3,1,2,1,0,0.0,0.791
Ethan,NRG,Split,0.823,155.0,33,50,28,-17,69.0,100.3,19.3,7,9,-2,3,1,0.33,0.784
spike,LEV,Split,0.747,162.7,39,49,11,-10,60.0,104.0,24.7,8,8,0,3,1,0.33,0.775
P0PPIN,ENVY,Split,0.75,156.0,12,18,6,-6,58.0,95.0,14.0,2,1,1,1,0,0.0,0.772
v1nny,LOUD,Split,0.788,130.6,56,79,34,-23,69.6,90.8,38.6,3,5,-2,5,2,0.4,0.771
lz,2G,Split,0.61,133.0,7,13,3,-6,53.0,102.0,41.0,3,1,2,1,0,0.0,0.728
supamen,EG,Split,0.7,154.0,46,66,18,-20,62.0,98.0,23.0,7,10,-3,4,1,0.25,0.728
raafa,FUR,Split,0.715,130.5,17,29,19,-12,67.0,88.5,18.5,1,3,-2,2,0,0.0,0.716
Kyu,SEN,Split,0.685,148.0,24,39,9,-15,61.5,98.5,18.0,1,4,-3,2,0,0.0,0.713
NaturE,EG,Split,0.628,138.5,41,65,20,-24,63.0,92.0,20.5,5,6,-1,4,1,0.25,0.702
Eggsterr,ENVY,Split,0.63,151.0,12,18,5,-6,63.0,91.0,19.0,1,3,-2,1,0,0.0,0.698
heat,FUR,Split,0.645,146.0,19,32,5,-13,49.5,101.0,33.5,2,6,-4,2,0,0.0,0.683
Zap,2G,Split,0.55,138.0,5,14,10,-9,60.0,105.0,14.0,0,1,-1,1,0,0.0,0.66
spike,LEV,Sunset,1.47,315.7,65,37,17,28,84.7,200.0,22.3,16,9,7,3,0,0.0,1.402
BABYBAY,G2,Sunset,1.385,271.5,39,27,12,12,88.5,180.0,21.5,9,4,5,2,2,1.0,1.366
Shyy,KRÜ,Sunset,1.42,268.0,37,24,9,13,73.5,184.0,38.5,3,6,-3,2,0,0.0,1.301
lukxo,LOUD,Sunset,1.25,253.0,34,29,8,5,80.5,171.5,39.0,5,3,2,2,1,0.5,1.297
keznit,ENVY,Sunset,1.27,277.0,37,26,12,11,76.0,172.0,16.0,7,4,3,2,0,0.0,1.288
N4RRATE,SEN,Sunset,1.243,250.2,71,58,34,13,75.0,168.0,25.2,13,9,4,4,2,0.5,1.263
kiNgg,LEV,Sunset,1.333,239.3,50,35,23,15,79.0,148.0,32.3,4,4,0,3,2,0.67,1.259
silentzz,2G,Sunset,1.267,206.3,49,30,6,19,77.0,141.0,54.7,5,4,1,3,0,0.0,1.235
Mazino,MIBR,Sunset,1.27,221.0,31,22,11,9,76.0,149.5,23.0,4,2,2,2,0,0.0,1.234
pANcada,LOUD,Sunset,1.175,211.0,26,24,15,2,81.5,143.0,41.5,3,2,1,2,1,0.5,1.223
gobera,2G,Sunset,1.207,219.0,45,36,31,9,77.0,143.0,33.0,5,1,4,3,0,0.0,1.22
leaf,G2,Sunset,1.3,239.0,19,15,3,4,73.0,159.0,19.0,1,2,-1,1,1,1.0,1.203
zekken,MIBR,Sunset,1.082,251.2,71,63,20,8,73.2,159.8,20.8,20,14,6,4,2,0.5,1.199
JonahP,G2,Sunset,1.19,200.7,47,37,20,10,77.0,131.7,29.3,6,3,3,3,3,1.0,1.189
jawgemo,G2,Sunset,1.06,243.0,54,48,10,6,74.3,147.0,24.0,14,10,4,3,3,1.0,1.182
tex,MIBR,Sunset,1.07,197.0,41,38,15,3,79.3,132.0,37.0,10,7,3,3,2,0.67,1.162
lz,2G,Sunset,1.127,181.0,38,29,26,9,81.0,115.7,42.3,6,5,1,3,0,0.0,1.154
xenom,MIBR,Sunset,1.055,181.0,28,24,9,4,84.0,114.0,30.0,5,0,5,2,1,0.5,1.138
Sato,LEV,Sunset,1.043,237.7,50,44,15,6,75.3,151.3,30.3,8,11,-3,3,2,0.67,1.135
bang,100T,Sunset,1.042,200.2,60,57,34,3,77.8,124.0,30.5,8,1,7,4,2,0.5,1.121
Okeanos,EG,Sunset,1.157,198.7,39,39,45,0,84.0,136.0,31.0,3,2,1,3,2,0.67,1.118
C0M,EG,Sunset,1.107,204.7,42,36,14,6,74.0,128.3,26.7,4,5,-1,3,2,0.67,1.111
pryze,2G,Sunset,1.087,187.3,38,36,19,2,73.0,127.3,28.3,5,2,3,3,0,0.0,1.106
aspas,MIBR,Sunset,0.92,205.0,30,27,7,3,66.5,141.0,25.0,6,5,1,2,1,0.5,1.084
johnqt,SEN,Sunset,1.08,189.2,61,52,20,9,71.5,130.0,29.5,4,7,-3,4,2,0.5,1.08
artzin,FUR,Sunset,0.98,214.5,28,27,5,1,74.5,138.5,33.5,7,7,0,2,1,0.5,1.075
Virtyy,LOUD,Sunset,1.045,247.0,31,30,7,1,65.0,144.5,29.5,6,8,-2,2,1,0.5,1.07
cauanzin,LOUD,Sunset,1.065,190.5,25,25,23,0,81.5,116.0,25.0,2,0,2,2,1,0.5,1.063
valyn,G2,Sunset,1.013,185.0,43,42,28,1,73.3,120.7,32.7,4,4,0,3,3,1.0,1.031
cortezia,SEN,Sunset,0.84,206.0,32,30,4,2,70.5,129.5,36.5,0,3,-3,2,1,0.5,1.022
Melser,KRÜ,Sunset,1.075,134.5,22,18,21,4,79.0,90.0,20.5,0,1,-1,2,0,0.0,1.016
eeiu,FUR,Sunset,1.002,195.8,52,52,14,0,67.0,134.5,30.8,6,6,0,4,1,0.25,1.003
Cryocells,100T,Sunset,0.96,213.5,53,57,21,-4,72.0,139.5,26.0,9,5,4,4,1,0.25,0.968
Zellsis,C9,Sunset,1.03,180.2,48,56,58,-8,83.2,118.8,22.5,4,4,0,4,2,0.5,0.949
mada,NRG,Sunset,0.903,215.8,61,69,20,-8,64.8,135.8,33.5,20,19,1,4,0,0.0,0.923
adverso,FUR,Sunset,0.905,212.0,23,30,8,-7,64.0,141.0,18.5,2,1,1,2,0,0.0,0.921
icy,EG,Sunset,0.9,189.0,14,15,1,-1,65.0,139.0,35.0,1,0,1,1,0,0.0,0.918
trent,G2,Sunset,0.973,170.7,38,42,25,-4,78.0,116.0,27.0,2,4,-2,3,3,1.0,0.887
brawk,NRG,Sunset,0.895,195.5,52,68,27,-16,66.0,139.2,18.0,3,3,0,4,0,0.0,0.884
Derrek,EG,Sunset,0.88,184.0,13,15,6,-2,65.0,124.0,41.0,0,0,0,1,0,0.0,0.876
Ethan,NRG,Sunset,0.875,164.0,45,63,33,-18,65.2,115.8,26.0,6,4,2,4,0,0.0,0.866
zander,100T,Sunset,0.88,189.2,48,55,25,-7,74.0,121.0,25.5,3,10,-7,4,1,0.25,0.865
NaturE,EG,Sunset,0.74,195.0,13,17,8,-4,80.0,110.0,29.0,1,2,-1,1,0,0.0,0.837
Asuna,100T,Sunset,0.837,185.0,44,54,21,-10,69.5,118.0,25.0,8,17,-9,4,1,0.25,0.833
supamen,EG,Sunset,1.01,159.0,13,14,6,-1,60.0,89.0,41.0,1,2,-1,1,0,0.0,0.83
Verno,MIBR,Sunset,0.7,167.5,20,28,16,-8,64.0,119.0,28.0,4,2,2,2,1,0.5,0.816
Dantedeu5,KRÜ,Sunset,0.835,177.5,23,26,11,-3,63.0,122.0,18.5,3,8,-5,2,0,0.0,0.805
heat,FUR,Sunset,0.755,188.0,21,28,2,-7,60.5,124.5,32.0,0,3,-3,2,0,0.0,0.797
Kess,100T,Sunset,0.75,154.0,39,51,9,-12,67.8,98.0,35.2,4,4,0,4,1,0.25,0.795
skuba,NRG,Sunset,0.85,154.2,45,59,29,-14,63.0,101.0,26.0,2,4,-2,4,0,0.0,0.783
RobbieBk,LOUD,Sunset,0.81,117.5,18,24,5,-6,65.0,82.5,44.5,4,5,-1,2,1,0.5,0.748
yay,EG,Sunset,0.66,161.0,9,17,7,-8,55.0,115.0,21.0,6,7,-1,1,0,0.0,0.714
s0m,NRG,Sunset,0.64,152.0,44,68,19,-24,55.8,104.0,36.5,6,16,-10,4,0,0.0,0.708
tuyz,FUR,Sunset,0.565,147.0,16,30,13,-14,64.0,92.0,34.0,2,6,-4,2,0,0.0,0.692
Urango,FUR,Sunset,0.525,119.0,13,29,8,-16,63.5,88.0,37.5,0,4,-4,2,0,0.0,0.656
Palla,FUR,Sunset,0.34,154.5,17,33,2,-16,48.5,94.0,26.5,3,12,-9,2,0,0.0,0.628
