URL,Mapa_Num,Mapa,Jogador,Time,Agente,R,ACS,K,D,A,+/-,KAST,ADR,HS%,FK,FD,+/-_FK_FD
https://www.vlr.gg/596398/loud-vs-cloud9-vct-2026-americas-kickoff-ur1,0,Haven,Darker,LOUD,Viper,1.12,256,18,16,6,2,70,166,30,2,1,1
https://www.vlr.gg/596398/loud-vs-cloud9-vct-2026-americas-kickoff-ur1,0,Haven,cauanzin,LOUD,Sova,0.98,209,15,13,3,2,75,152,26,0,1,-1
https://www.vlr.gg/596398/loud-vs-cloud9-vct-2026-americas-kickoff-ur1,0,Haven,Virtyy,LOUD,Yoru,0.7,178,14,16,4,-2,55,102,35,2,3,-1
https://www.vlr.gg/596398/loud-vs-cloud9-vct-2026-americas-kickoff-ur1,0,Haven,pANcada,LOUD,Omen,0.67,145,11,13,1,-2,65,99,27,0,3,-3
https://www.vlr.gg/596398/loud-vs-cloud9-vct-2026-americas-kickoff-ur1,0,Haven,lukxo,LOUD,Killjoy,0.65,192,13,16,3,-3,60,125,35,4,4,0
https://www.vlr.gg/596398/loud-vs-cloud9-vct-2026-americas-kickoff-ur1,0,Haven,OXY,C9,Neon,1.44,282,21,14,2,7,80,169,29,5,2,3
https://www.vlr.gg/596398/loud-vs-cloud9-vct-2026-americas-kickoff-ur1,0,Haven,penny,C9,Viper,1.23,203,15,12,7,3,80,133,23,3,2,1
https://www.vlr.gg/596398/loud-vs-cloud9-vct-2026-americas-kickoff-ur1,0,Haven,v1c,C9,Omen,1.04,198,14,13,7,1,80,139,26,1,2,-1
https://www.vlr.gg/596398/loud-vs-cloud9-vct-2026-americas-kickoff-ur1,0,Haven,Xeppaa,C9,Sova,1.01,185,13,16,9,-3,90,125,21,0,0,0
https://www.vlr.gg/596398/loud-vs-cloud9-vct-2026-americas-kickoff-ur1,0,Haven,Zellsis,C9,Killjoy,0.82,166,11,16,1,-5,70,124,20,3,2,1
https://www.vlr.gg/596398/loud-vs-cloud9-vct-2026-americas-kickoff-ur1,1,AllMaps,lukxo,LOUD,Killjoy,1.09,245,40,32,6,8,68,152,35,8,6,2
https://www.vlr.gg/596398/loud-vs-cloud9-vct-2026-americas-kickoff-ur1,1,AllMaps,Darker,LOUD,Viper,1.03,211,33,32,14,1,73,131,31,3,4,-1
https://www.vlr.gg/596398/loud-vs-cloud9-vct-2026-americas-kickoff-ur1,1,AllMaps,cauanzin,LOUD,Sova,0.84,188,28,33,11,-5,70,132,27,0,6,-6
https://www.vlr.gg/596398/loud-vs-cloud9-vct-2026-americas-kickoff-ur1,1,AllMaps,pANcada,LOUD,Omen,0.75,130,22,26,10,-4,73,81,39,1,4,-3
https://www.vlr.gg/596398/loud-vs-cloud9-vct-2026-americas-kickoff-ur1,1,AllMaps,Virtyy,LOUD,Yoru,0.69,174,27,35,7,-8,59,108,27,6,6,0
https://www.vlr.gg/596398/loud-vs-cloud9-vct-2026-americas-kickoff-ur1,1,AllMaps,penny,C9,Viper,1.24,209,34,26,14,8,82,143,25,6,7,-1
https://www.vlr.gg/596398/loud-vs-cloud9-vct-2026-americas-kickoff-ur1,1,AllMaps,OXY,C9,Neon,1.11,236,38,32,4,6,70,143,34,9,6,3
https://www.vlr.gg/596398/loud-vs-cloud9-vct-2026-americas-kickoff-ur1,1,AllMaps,Xeppaa,C9,Sova,1.09,199,32,30,15,2,84,131,25,0,0,0
https://www.vlr.gg/596398/loud-vs-cloud9-vct-2026-americas-kickoff-ur1,1,AllMaps,v1c,C9,Omen,1.06,209,31,29,15,2,82,131,24,6,3,3
https://www.vlr.gg/596398/loud-vs-cloud9-vct-2026-americas-kickoff-ur1,1,AllMaps,Zellsis,C9,Killjoy,0.86,164,23,33,14,-10,84,111,24,5,2,3
https://www.vlr.gg/596398/loud-vs-cloud9-vct-2026-americas-kickoff-ur1,2,Abyss,lukxo,LOUD,Chamber,1.46,297,27,16,3,11,75,175,34,4,2,2
https://www.vlr.gg/596398/loud-vs-cloud9-vct-2026-americas-kickoff-ur1,2,Abyss,Darker,LOUD,Astra,0.95,166,15,16,8,-1,75,101,31,1,3,-2
https://www.vlr.gg/596398/loud-vs-cloud9-vct-2026-americas-kickoff-ur1,2,Abyss,pANcada,LOUD,Harbor,0.81,114,11,13,9,-2,79,66,63,1,1,0
https://www.vlr.gg/596398/loud-vs-cloud9-vct-2026-americas-kickoff-ur1,2,Abyss,cauanzin,LOUD,Sova,0.73,166,13,20,8,-7,67,116,29,0,5,-5
https://www.vlr.gg/596398/loud-vs-cloud9-vct-2026-americas-kickoff-ur1,2,Abyss,Virtyy,LOUD,Yoru,0.69,170,13,19,3,-6,63,113,21,4,3,1
https://www.vlr.gg/596398/loud-vs-cloud9-vct-2026-americas-kickoff-ur1,2,Abyss,penny,C9,Veto,1.26,214,19,14,7,5,83,151,26,3,5,-2
https://www.vlr.gg/596398/loud-vs-cloud9-vct-2026-americas-kickoff-ur1,2,Abyss,Xeppaa,C9,Sova,1.15,213,19,14,6,5,79,137,29,0,0,0
https://www.vlr.gg/596398/loud-vs-cloud9-vct-2026-americas-kickoff-ur1,2,Abyss,v1c,C9,Astra,1.07,219,17,16,8,1,83,124,22,5,1,4
https://www.vlr.gg/596398/loud-vs-cloud9-vct-2026-americas-kickoff-ur1,2,Abyss,Zellsis,C9,Breach,0.9,161,12,17,13,-5,96,101,29,2,0,2
https://www.vlr.gg/596398/loud-vs-cloud9-vct-2026-americas-kickoff-ur1,2,Abyss,OXY,C9,Waylay,0.84,190,17,18,2,-1,63,122,44,4,4,0
https://www.vlr.gg/596405/g2-esports-vs-100-thieves-vct-2026-americas-kickoff-ur2,0,Bind,BABYBAY,G2,Chamber,1.6,284,26,12,2,14,75,181,13,4,2,2
https://www.vlr.gg/596405/g2-esports-vs-100-thieves-vct-2026-americas-kickoff-ur2,0,Bind,trent,G2,Skye,1.19,193,17,15,9,2,67,131,32,1,1,0
https://www.vlr.gg/596405/g2-esports-vs-100-thieves-vct-2026-americas-kickoff-ur2,0,Bind,valyn,G2,Brimstone,1.01,189,16,16,6,0,75,122,26,3,1,2
https://www.vlr.gg/596405/g2-esports-vs-100-thieves-vct-2026-americas-kickoff-ur2,0,Bind,leaf,G2,Viper,0.72,162,13,19,3,-6,63,122,21,1,2,-1
https://www.vlr.gg/596405/g2-esports-vs-100-thieves-vct-2026-americas-kickoff-ur2,0,Bind,jawgemo,G2,Waylay,0.48,161,12,21,6,-9,63,101,26,3,6,-3
https://www.vlr.gg/596405/g2-esports-vs-100-thieves-vct-2026-americas-kickoff-ur2,0,Bind,Cryocells,100T,Chamber,1.41,258,24,14,2,10,71,164,20,3,4,-1
https://www.vlr.gg/596405/g2-esports-vs-100-thieves-vct-2026-americas-kickoff-ur2,0,Bind,bang,100T,Viper,1.13,214,17,15,6,2,71,139,49,2,3,-1
https://www.vlr.gg/596405/g2-esports-vs-100-thieves-vct-2026-americas-kickoff-ur2,0,Bind,Timotino,100T,Waylay,0.91,191,15,18,4,-3,63,135,26,1,2,-1
https://www.vlr.gg/596405/g2-esports-vs-100-thieves-vct-2026-americas-kickoff-ur2,0,Bind,Asuna,100T,Brimstone,0.88,203,16,18,10,-2,71,118,26,4,1,3
https://www.vlr.gg/596405/g2-esports-vs-100-thieves-vct-2026-americas-kickoff-ur2,0,Bind,vora,100T,Skye,0.59,142,11,19,6,-8,71,96,26,2,2,0
https://www.vlr.gg/596405/g2-esports-vs-100-thieves-vct-2026-americas-kickoff-ur2,1,AllMaps,leaf,G2,Viper,1.21,243,52,47,19,5,72,161,32,5,3,2
https://www.vlr.gg/596405/g2-esports-vs-100-thieves-vct-2026-americas-kickoff-ur2,1,AllMaps,BABYBAY,G2,Chamber,1.01,181,42,40,14,2,67,126,17,6,8,-2
https://www.vlr.gg/596405/g2-esports-vs-100-thieves-vct-2026-americas-kickoff-ur2,1,AllMaps,trent,G2,Skye,0.99,175,36,43,20,-7,67,128,26,3,4,-1
https://www.vlr.gg/596405/g2-esports-vs-100-thieves-vct-2026-americas-kickoff-ur2,1,AllMaps,valyn,G2,Brimstone,0.92,189,40,44,12,-4,72,116,24,5,4,1
https://www.vlr.gg/596405/g2-esports-vs-100-thieves-vct-2026-americas-kickoff-ur2,1,AllMaps,jawgemo,G2,Waylay,0.62,155,32,52,14,-20,57,109,20,7,16,-9
https://www.vlr.gg/596405/g2-esports-vs-100-thieves-vct-2026-americas-kickoff-ur2,1,AllMaps,Cryocells,100T,Chamber,1.37,266,61,37,8,24,80,179,28,7,5,2
https://www.vlr.gg/596405/g2-esports-vs-100-thieves-vct-2026-americas-kickoff-ur2,1,AllMaps,bang,100T,Viper,1.14,192,42,37,24,5,79,125,43,4,4,0
https://www.vlr.gg/596405/g2-esports-vs-100-thieves-vct-2026-americas-kickoff-ur2,1,AllMaps,Asuna,100T,Brimstone,1.04,194,40,39,27,1,77,116,20,7,2,5
https://www.vlr.gg/596405/g2-esports-vs-100-thieves-vct-2026-americas-kickoff-ur2,1,AllMaps,vora,100T,Skye,1.04,223,45,42,15,3,79,148,31,9,4,5
https://www.vlr.gg/596405/g2-esports-vs-100-thieves-vct-2026-americas-kickoff-ur2,1,AllMaps,Timotino,100T,Waylay,0.73,189,38,47,9,-9,62,123,25,8,11,-3
https://www.vlr.gg/596405/g2-esports-vs-100-thieves-vct-2026-americas-kickoff-ur2,2,Corrode,leaf,G2,Fade,1.13,238,13,14,5,-1,75,152,26,2,0,2
https://www.vlr.gg/596405/g2-esports-vs-100-thieves-vct-2026-americas-kickoff-ur2,2,Corrode,valyn,G2,Omen,0.77,198,11,14,2,-3,63,117,22,2,1,1
https://www.vlr.gg/596405/g2-esports-vs-100-thieves-vct-2026-americas-kickoff-ur2,2,Corrode,BABYBAY,G2,Viper,0.49,93,5,12,1,-7,63,65,21,0,4,-4
https://www.vlr.gg/596405/g2-esports-vs-100-thieves-vct-2026-americas-kickoff-ur2,2,Corrode,trent,G2,Tejo,0.39,109,3,14,4,-11,56,90,13,0,1,-1
https://www.vlr.gg/596405/g2-esports-vs-100-thieves-vct-2026-americas-kickoff-ur2,2,Corrode,jawgemo,G2,Yoru,0.28,90,4,14,2,-10,50,64,22,0,6,-6
https://www.vlr.gg/596405/g2-esports-vs-100-thieves-vct-2026-americas-kickoff-ur2,2,Corrode,Cryocells,100T,Veto,1.61,268,17,7,1,10,94,188,37,1,0,1
https://www.vlr.gg/596405/g2-esports-vs-100-thieves-vct-2026-americas-kickoff-ur2,2,Corrode,vora,100T,Fade,1.57,280,17,8,2,9,88,193,36,5,1,4
https://www.vlr.gg/596405/g2-esports-vs-100-thieves-vct-2026-americas-kickoff-ur2,2,Corrode,Asuna,100T,Sage,1.51,212,12,5,6,7,81,124,19,2,1,1
https://www.vlr.gg/596405/g2-esports-vs-100-thieves-vct-2026-americas-kickoff-ur2,2,Corrode,bang,100T,Omen,1.09,137,8,7,9,1,88,77,33,1,0,1
https://www.vlr.gg/596405/g2-esports-vs-100-thieves-vct-2026-americas-kickoff-ur2,2,Corrode,Timotino,100T,Waylay,1.01,229,14,9,4,5,75,142,15,3,2,1
https://www.vlr.gg/596405/g2-esports-vs-100-thieves-vct-2026-americas-kickoff-ur2,3,Split,leaf,G2,Breach,1.82,328,26,14,11,12,81,213,47,2,1,1
https://www.vlr.gg/596405/g2-esports-vs-100-thieves-vct-2026-americas-kickoff-ur2,3,Split,trent,G2,Fade,1.23,223,16,14,7,2,76,153,26,2,2,0
https://www.vlr.gg/596405/g2-esports-vs-100-thieves-vct-2026-americas-kickoff-ur2,3,Split,jawgemo,G2,Waylay,1.03,214,16,17,6,-1,57,152,17,4,4,0
https://www.vlr.gg/596405/g2-esports-vs-100-thieves-vct-2026-americas-kickoff-ur2,3,Split,valyn,G2,Omen,0.93,179,13,14,4,-1,76,109,23,0,2,-2
https://www.vlr.gg/596405/g2-esports-vs-100-thieves-vct-2026-americas-kickoff-ur2,3,Split,BABYBAY,G2,Viper,0.72,167,11,16,11,-5,62,109,20,2,2,0
https://www.vlr.gg/596405/g2-esports-vs-100-thieves-vct-2026-americas-kickoff-ur2,3,Split,bang,100T,Omen,1.19,225,17,15,9,2,81,147,43,1,1,0
https://www.vlr.gg/596405/g2-esports-vs-100-thieves-vct-2026-americas-kickoff-ur2,3,Split,Cryocells,100T,Viper,1.15,273,20,16,5,4,81,189,28,3,1,2
https://www.vlr.gg/596405/g2-esports-vs-100-thieves-vct-2026-americas-kickoff-ur2,3,Split,vora,100T,Skye,1.14,248,17,15,7,2,81,172,30,2,1,1
https://www.vlr.gg/596405/g2-esports-vs-100-thieves-vct-2026-americas-kickoff-ur2,3,Split,Asuna,100T,Sage,0.86,167,12,16,11,-4,81,108,15,1,0,1
https://www.vlr.gg/596405/g2-esports-vs-100-thieves-vct-2026-americas-kickoff-ur2,3,Split,Timotino,100T,Waylay,0.31,147,9,20,1,-11,52,96,32,4,7,-3
https://www.vlr.gg/596398/loud-vs-cloud9-vct-2026-americas-kickoff-ur1,0,Haven,Darker,LOUD,Viper,1.12,256,18,16,6,2,70,166,30,2,1,1
https://www.vlr.gg/596398/loud-vs-cloud9-vct-2026-americas-kickoff-ur1,0,Haven,cauanzin,LOUD,Sova,0.98,209,15,13,3,2,75,152,26,0,1,-1
https://www.vlr.gg/596398/loud-vs-cloud9-vct-2026-americas-kickoff-ur1,0,Haven,Virtyy,LOUD,Yoru,0.7,178,14,16,4,-2,55,102,35,2,3,-1
https://www.vlr.gg/596398/loud-vs-cloud9-vct-2026-americas-kickoff-ur1,0,Haven,pANcada,LOUD,Omen,0.67,145,11,13,1,-2,65,99,27,0,3,-3
https://www.vlr.gg/596398/loud-vs-cloud9-vct-2026-americas-kickoff-ur1,0,Haven,lukxo,LOUD,Killjoy,0.65,192,13,16,3,-3,60,125,35,4,4,0
https://www.vlr.gg/596398/loud-vs-cloud9-vct-2026-americas-kickoff-ur1,0,Haven,OXY,C9,Neon,1.44,282,21,14,2,7,80,169,29,5,2,3
https://www.vlr.gg/596398/loud-vs-cloud9-vct-2026-americas-kickoff-ur1,0,Haven,penny,C9,Viper,1.23,203,15,12,7,3,80,133,23,3,2,1
https://www.vlr.gg/596398/loud-vs-cloud9-vct-2026-americas-kickoff-ur1,0,Haven,v1c,C9,Omen,1.04,198,14,13,7,1,80,139,26,1,2,-1
https://www.vlr.gg/596398/loud-vs-cloud9-vct-2026-americas-kickoff-ur1,0,Haven,Xeppaa,C9,Sova,1.01,185,13,16,9,-3,90,125,21,0,0,0
https://www.vlr.gg/596398/loud-vs-cloud9-vct-2026-americas-kickoff-ur1,0,Haven,Zellsis,C9,Killjoy,0.82,166,11,16,1,-5,70,124,20,3,2,1
https://www.vlr.gg/596398/loud-vs-cloud9-vct-2026-americas-kickoff-ur1,1,AllMaps,lukxo,LOUD,Killjoy,1.09,245,40,32,6,8,68,152,35,8,6,2
https://www.vlr.gg/596398/loud-vs-cloud9-vct-2026-americas-kickoff-ur1,1,AllMaps,Darker,LOUD,Viper,1.03,211,33,32,14,1,73,131,31,3,4,-1
https://www.vlr.gg/596398/loud-vs-cloud9-vct-2026-americas-kickoff-ur1,1,AllMaps,cauanzin,LOUD,Sova,0.84,188,28,33,11,-5,70,132,27,0,6,-6
https://www.vlr.gg/596398/loud-vs-cloud9-vct-2026-americas-kickoff-ur1,1,AllMaps,pANcada,LOUD,Omen,0.75,130,22,26,10,-4,73,81,39,1,4,-3
https://www.vlr.gg/596398/loud-vs-cloud9-vct-2026-americas-kickoff-ur1,1,AllMaps,Virtyy,LOUD,Yoru,0.69,174,27,35,7,-8,59,108,27,6,6,0
https://www.vlr.gg/596398/loud-vs-cloud9-vct-2026-americas-kickoff-ur1,1,AllMaps,penny,C9,Viper,1.24,209,34,26,14,8,82,143,25,6,7,-1
https://www.vlr.gg/596398/loud-vs-cloud9-vct-2026-americas-kickoff-ur1,1,AllMaps,OXY,C9,Neon,1.11,236,38,32,4,6,70,143,34,9,6,3
https://www.vlr.gg/596398/loud-vs-cloud9-vct-2026-americas-kickoff-ur1,1,AllMaps,Xeppaa,C9,Sova,1.09,199,32,30,15,2,84,131,25,0,0,0
https://www.vlr.gg/596398/loud-vs-cloud9-vct-2026-americas-kickoff-ur1,1,AllMaps,v1c,C9,Omen,1.06,209,31,29,15,2,82,131,24,6,3,3
https://www.vlr.gg/596398/loud-vs-cloud9-vct-2026-americas-kickoff-ur1,1,AllMaps,Zellsis,C9,Killjoy,0.86,164,23,33,14,-10,84,111,24,5,2,3
https://www.vlr.gg/596398/loud-vs-cloud9-vct-2026-americas-kickoff-ur1,2,Abyss,lukxo,LOUD,Chamber,1.46,297,27,16,3,11,75,175,34,4,2,2
https://www.vlr.gg/596398/loud-vs-cloud9-vct-2026-americas-kickoff-ur1,2,Abyss,Darker,LOUD,Astra,0.95,166,15,16,8,-1,75,101,31,1,3,-2
https://www.vlr.gg/596398/loud-vs-cloud9-vct-2026-americas-kickoff-ur1,2,Abyss,pANcada,LOUD,Harbor,0.81,114,11,13,9,-2,79,66,63,1,1,0
https://www.vlr.gg/596398/loud-vs-cloud9-vct-2026-americas-kickoff-ur1,2,Abyss,cauanzin,LOUD,Sova,0.73,166,13,20,8,-7,67,116,29,0,5,-5
https://www.vlr.gg/596398/loud-vs-cloud9-vct-2026-americas-kickoff-ur1,2,Abyss,Virtyy,LOUD,Yoru,0.69,170,13,19,3,-6,63,113,21,4,3,1
https://www.vlr.gg/596398/loud-vs-cloud9-vct-2026-americas-kickoff-ur1,2,Abyss,penny,C9,Veto,1.26,214,19,14,7,5,83,151,26,3,5,-2
https://www.vlr.gg/596398/loud-vs-cloud9-vct-2026-americas-kickoff-ur1,2,Abyss,Xeppaa,C9,Sova,1.15,213,19,14,6,5,79,137,29,0,0,0
https://www.vlr.gg/596398/loud-vs-cloud9-vct-2026-americas-kickoff-ur1,2,Abyss,v1c,C9,Astra,1.07,219,17,16,8,1,83,124,22,5,1,4
https://www.vlr.gg/596398/loud-vs-cloud9-vct-2026-americas-kickoff-ur1,2,Abyss,Zellsis,C9,Breach,0.9,161,12,17,13,-5,96,101,29,2,0,2
https://www.vlr.gg/596398/loud-vs-cloud9-vct-2026-americas-kickoff-ur1,2,Abyss,OXY,C9,Waylay,0.84,190,17,18,2,-1,63,122,44,4,4,0
https://www.vlr.gg/596399/envy-vs-evil-geniuses-vct-2026-americas-kickoff-ur1,0,Abyss,Rossy,ENVY,Omen,1.04,204,17,14,5,3,73,124,27,2,0,2
https://www.vlr.gg/596399/envy-vs-evil-geniuses-vct-2026-americas-kickoff-ur1,0,Abyss,Inspire,ENVY,Viper,1.03,232,17,17,1,0,64,148,25,3,2,1
https://www.vlr.gg/596399/envy-vs-evil-geniuses-vct-2026-americas-kickoff-ur1,0,Abyss,keznit,ENVY,Iso,0.94,173,12,15,4,-3,77,111,37,3,3,0
https://www.vlr.gg/596399/envy-vs-evil-geniuses-vct-2026-americas-kickoff-ur1,0,Abyss,Eggsterr,ENVY,Yoru,0.82,185,15,16,1,-1,64,112,27,2,3,-1
https://www.vlr.gg/596399/envy-vs-evil-geniuses-vct-2026-americas-kickoff-ur1,0,Abyss,P0PPIN,ENVY,Sova,0.3,72,5,17,3,-12,59,59,18,1,3,-2
https://www.vlr.gg/596399/envy-vs-evil-geniuses-vct-2026-americas-kickoff-ur1,0,Abyss,dgzin,EG,Yoru,1.54,261,22,11,1,11,73,163,20,4,3,1
https://www.vlr.gg/596399/envy-vs-evil-geniuses-vct-2026-americas-kickoff-ur1,0,Abyss,bao,EG,Veto,1.42,267,20,13,7,7,68,176,37,4,4,0
https://www.vlr.gg/596399/envy-vs-evil-geniuses-vct-2026-americas-kickoff-ur1,0,Abyss,Okeanos,EG,Breach,1.03,178,15,15,12,0,77,114,39,0,1,-1
https://www.vlr.gg/596399/envy-vs-evil-geniuses-vct-2026-americas-kickoff-ur1,0,Abyss,C0M,EG,Sova,0.99,177,14,14,7,0,77,133,24,2,3,-1
https://www.vlr.gg/596399/envy-vs-evil-geniuses-vct-2026-americas-kickoff-ur1,0,Abyss,supamen,EG,Astra,0.7,116,8,14,8,-6,73,76,38,1,0,1
https://www.vlr.gg/596399/envy-vs-evil-geniuses-vct-2026-americas-kickoff-ur1,1,AllMaps,Eggsterr,ENVY,Yoru,1.2,240,63,43,9,20,73,144,29,8,5,3
https://www.vlr.gg/596399/envy-vs-evil-geniuses-vct-2026-americas-kickoff-ur1,1,AllMaps,Inspire,ENVY,Viper,1.1,224,53,45,11,8,69,142,33,8,9,-1
https://www.vlr.gg/596399/envy-vs-evil-geniuses-vct-2026-americas-kickoff-ur1,1,AllMaps,Rossy,ENVY,Omen,1.09,206,49,44,23,5,76,133,28,5,1,4
https://www.vlr.gg/596399/envy-vs-evil-geniuses-vct-2026-americas-kickoff-ur1,1,AllMaps,keznit,ENVY,Iso,0.96,185,43,45,14,-2,78,124,35,8,11,-3
https://www.vlr.gg/596399/envy-vs-evil-geniuses-vct-2026-americas-kickoff-ur1,1,AllMaps,P0PPIN,ENVY,Sova,0.62,121,27,46,18,-19,70,80,21,5,7,-2
https://www.vlr.gg/596399/envy-vs-evil-geniuses-vct-2026-americas-kickoff-ur1,1,AllMaps,dgzin,EG,Yoru,1.04,206,50,47,11,3,64,136,31,10,8,2
https://www.vlr.gg/596399/envy-vs-evil-geniuses-vct-2026-americas-kickoff-ur1,1,AllMaps,Okeanos,EG,Breach,1.01,216,54,50,17,4,67,146,32,7,9,-2
https://www.vlr.gg/596399/envy-vs-evil-geniuses-vct-2026-americas-kickoff-ur1,1,AllMaps,supamen,EG,Astra,0.98,177,39,43,21,-4,73,120,32,8,2,6
https://www.vlr.gg/596399/envy-vs-evil-geniuses-vct-2026-americas-kickoff-ur1,1,AllMaps,bao,EG,Veto,0.97,189,40,48,24,-8,66,123,29,5,9,-4
https://www.vlr.gg/596399/envy-vs-evil-geniuses-vct-2026-americas-kickoff-ur1,1,AllMaps,C0M,EG,Sova,0.9,163,40,48,22,-8,72,109,21,3,6,-3
https://www.vlr.gg/596399/envy-vs-evil-geniuses-vct-2026-americas-kickoff-ur1,2,Corrode,Rossy,ENVY,Omen,1.35,228,19,15,11,4,78,142,28,0,0,0
https://www.vlr.gg/596399/envy-vs-evil-geniuses-vct-2026-americas-kickoff-ur1,2,Corrode,Eggsterr,ENVY,Yoru,1.16,204,20,14,3,6,74,125,27,4,1,3
https://www.vlr.gg/596399/envy-vs-evil-geniuses-vct-2026-americas-kickoff-ur1,2,Corrode,Inspire,ENVY,Viper,0.98,191,15,15,4,0,57,130,38,1,4,-3
https://www.vlr.gg/596399/envy-vs-evil-geniuses-vct-2026-americas-kickoff-ur1,2,Corrode,P0PPIN,ENVY,Fade,0.88,175,14,16,7,-2,78,109,31,2,2,0
https://www.vlr.gg/596399/envy-vs-evil-geniuses-vct-2026-americas-kickoff-ur1,2,Corrode,keznit,ENVY,Waylay,0.79,179,14,18,4,-4,70,119,33,3,6,-3
https://www.vlr.gg/596399/envy-vs-evil-geniuses-vct-2026-americas-kickoff-ur1,2,Corrode,Okeanos,EG,Yoru,1.24,282,24,16,2,8,74,200,35,5,4,1
https://www.vlr.gg/596399/envy-vs-evil-geniuses-vct-2026-americas-kickoff-ur1,2,Corrode,dgzin,EG,Waylay,0.94,225,18,19,5,-1,74,152,43,5,2,3
https://www.vlr.gg/596399/envy-vs-evil-geniuses-vct-2026-americas-kickoff-ur1,2,Corrode,C0M,EG,Sova,0.93,160,15,15,4,0,74,97,16,0,2,-2
https://www.vlr.gg/596399/envy-vs-evil-geniuses-vct-2026-americas-kickoff-ur1,2,Corrode,supamen,EG,Viper,0.91,188,14,15,11,-1,74,129,22,3,1,2
https://www.vlr.gg/596399/envy-vs-evil-geniuses-vct-2026-americas-kickoff-ur1,2,Corrode,bao,EG,Omen,0.58,98,7,17,8,-10,65,59,35,0,1,-1
https://www.vlr.gg/596399/envy-vs-evil-geniuses-vct-2026-americas-kickoff-ur1,3,Bind,Eggsterr,ENVY,Yoru,1.63,330,28,13,5,15,82,196,31,2,1,1
https://www.vlr.gg/596399/envy-vs-evil-geniuses-vct-2026-americas-kickoff-ur1,3,Bind,Inspire,ENVY,Brimstone,1.3,248,21,13,6,8,86,149,37,4,3,1
https://www.vlr.gg/596399/envy-vs-evil-geniuses-vct-2026-americas-kickoff-ur1,3,Bind,keznit,ENVY,Waylay,1.15,203,17,12,6,5,86,143,36,2,2,0
https://www.vlr.gg/596399/envy-vs-evil-geniuses-vct-2026-americas-kickoff-ur1,3,Bind,Rossy,ENVY,Viper,0.87,186,13,15,7,-2,77,133,31,3,1,2
https://www.vlr.gg/596399/envy-vs-evil-geniuses-vct-2026-americas-kickoff-ur1,3,Bind,P0PPIN,ENVY,Skye,0.67,116,8,13,8,-5,73,69,14,2,2,0
https://www.vlr.gg/596399/envy-vs-evil-geniuses-vct-2026-americas-kickoff-ur1,3,Bind,supamen,EG,Viper,1.33,226,17,14,2,3,73,156,42,4,1,3
https://www.vlr.gg/596399/envy-vs-evil-geniuses-vct-2026-americas-kickoff-ur1,3,Bind,bao,EG,Brimstone,0.92,203,13,18,9,-5,64,138,20,1,4,-3
https://www.vlr.gg/596399/envy-vs-evil-geniuses-vct-2026-americas-kickoff-ur1,3,Bind,C0M,EG,Fade,0.78,151,11,19,11,-8,64,98,23,1,1,0
https://www.vlr.gg/596399/envy-vs-evil-geniuses-vct-2026-americas-kickoff-ur1,3,Bind,Okeanos,EG,Yoru,0.76,187,15,19,3,-4,50,123,22,2,4,-2
https://www.vlr.gg/596399/envy-vs-evil-geniuses-vct-2026-americas-kickoff-ur1,3,Bind,dgzin,EG,Waylay,0.64,132,10,17,5,-7,45,91,35,1,3,-2
https://www.vlr.gg/596400/kr-esports-vs-furia-vct-2026-americas-kickoff-ur1,0,Pearl,benG,KRÜ,Astra,1.44,220,18,14,12,4,83,126,25,0,0,0
https://www.vlr.gg/596400/kr-esports-vs-furia-vct-2026-americas-kickoff-ur1,0,Pearl,mta,KRÜ,Yoru,1.0,184,15,16,4,-1,74,118,32,3,3,0
https://www.vlr.gg/596400/kr-esports-vs-furia-vct-2026-americas-kickoff-ur1,0,Pearl,NagZ,KRÜ,Killjoy,0.86,116,9,14,5,-5,61,84,15,0,2,-2
https://www.vlr.gg/596400/kr-esports-vs-furia-vct-2026-americas-kickoff-ur1,0,Pearl,infiltrator,KRÜ,Neon,0.84,205,15,19,6,-4,70,137,29,5,4,1
https://www.vlr.gg/596400/kr-esports-vs-furia-vct-2026-americas-kickoff-ur1,0,Pearl,Governor,KRÜ,Fade,0.71,146,14,19,2,-5,52,100,35,2,4,-2
https://www.vlr.gg/596400/kr-esports-vs-furia-vct-2026-americas-kickoff-ur1,0,Pearl,koalanoob,FUR,Chamber,1.45,292,25,12,4,13,65,186,17,7,2,5
https://www.vlr.gg/596400/kr-esports-vs-furia-vct-2026-americas-kickoff-ur1,0,Pearl,artzin,FUR,Kayo,1.22,234,18,15,15,3,78,147,23,3,3,0
https://www.vlr.gg/596400/kr-esports-vs-furia-vct-2026-americas-kickoff-ur1,0,Pearl,nerve,FUR,Astra,0.98,162,12,14,14,-2,78,112,38,0,1,-1
https://www.vlr.gg/596400/kr-esports-vs-furia-vct-2026-americas-kickoff-ur1,0,Pearl,eeiu,FUR,Fade,0.91,175,16,12,8,4,78,118,33,0,2,-2
https://www.vlr.gg/596400/kr-esports-vs-furia-vct-2026-americas-kickoff-ur1,0,Pearl,alym,FUR,Neon,0.48,143,11,18,4,-7,70,90,31,3,2,1
https://www.vlr.gg/596400/kr-esports-vs-furia-vct-2026-americas-kickoff-ur1,1,AllMaps,mta,KRÜ,Yoru,0.96,174,35,43,21,-8,69,113,33,5,6,-1
https://www.vlr.gg/596400/kr-esports-vs-furia-vct-2026-americas-kickoff-ur1,1,AllMaps,infiltrator,KRÜ,Neon,0.94,216,44,51,13,-7,73,140,29,10,10,0
https://www.vlr.gg/596400/kr-esports-vs-furia-vct-2026-americas-kickoff-ur1,1,AllMaps,NagZ,KRÜ,Killjoy,0.93,148,32,42,11,-10,63,108,19,6,7,-1
https://www.vlr.gg/596400/kr-esports-vs-furia-vct-2026-americas-kickoff-ur1,1,AllMaps,benG,KRÜ,Astra,0.89,159,35,46,19,-11,68,99,31,1,5,-4
https://www.vlr.gg/596400/kr-esports-vs-furia-vct-2026-americas-kickoff-ur1,1,AllMaps,Governor,KRÜ,Fade,0.69,132,31,49,10,-18,53,95,38,3,9,-6
https://www.vlr.gg/596400/kr-esports-vs-furia-vct-2026-americas-kickoff-ur1,1,AllMaps,artzin,FUR,Kayo,1.31,221,52,34,27,18,76,139,29,7,5,2
https://www.vlr.gg/596400/kr-esports-vs-furia-vct-2026-americas-kickoff-ur1,1,AllMaps,koalanoob,FUR,Chamber,1.27,271,61,40,16,21,74,168,20,15,7,8
https://www.vlr.gg/596400/kr-esports-vs-furia-vct-2026-americas-kickoff-ur1,1,AllMaps,alym,FUR,Neon,0.98,208,45,38,14,7,73,127,27,13,5,8
https://www.vlr.gg/596400/kr-esports-vs-furia-vct-2026-americas-kickoff-ur1,1,AllMaps,eeiu,FUR,Fade,0.95,166,39,32,20,7,81,113,34,2,4,-2
https://www.vlr.gg/596400/kr-esports-vs-furia-vct-2026-americas-kickoff-ur1,1,AllMaps,nerve,FUR,Astra,0.9,158,33,37,25,-4,74,109,27,0,4,-4
https://www.vlr.gg/596400/kr-esports-vs-furia-vct-2026-americas-kickoff-ur1,2,Breeze,NagZ,KRÜ,Chamber,1.26,198,15,12,2,3,62,149,20,4,2,2
https://www.vlr.gg/596400/kr-esports-vs-furia-vct-2026-americas-kickoff-ur1,2,Breeze,mta,KRÜ,Kayo,1.09,181,12,13,9,-1,67,116,38,1,1,0
https://www.vlr.gg/596400/kr-esports-vs-furia-vct-2026-americas-kickoff-ur1,2,Breeze,infiltrator,KRÜ,Jett,0.73,162,11,17,4,-6,62,106,26,3,5,-2
https://www.vlr.gg/596400/kr-esports-vs-furia-vct-2026-americas-kickoff-ur1,2,Breeze,Governor,KRÜ,Sova,0.67,146,10,17,3,-7,52,104,36,0,3,-3
https://www.vlr.gg/596400/kr-esports-vs-furia-vct-2026-americas-kickoff-ur1,2,Breeze,benG,KRÜ,Viper,0.67,137,11,17,2,-6,52,85,43,0,2,-2
https://www.vlr.gg/596400/kr-esports-vs-furia-vct-2026-americas-kickoff-ur1,2,Breeze,artzin,FUR,Astra,1.43,251,22,11,3,11,71,153,33,2,0,2
https://www.vlr.gg/596400/kr-esports-vs-furia-vct-2026-americas-kickoff-ur1,2,Breeze,alym,FUR,Yoru,1.23,235,18,11,5,7,76,155,35,6,3,3
https://www.vlr.gg/596400/kr-esports-vs-furia-vct-2026-americas-kickoff-ur1,2,Breeze,koalanoob,FUR,Jett,1.04,244,18,15,3,3,76,144,16,4,2,2
https://www.vlr.gg/596400/kr-esports-vs-furia-vct-2026-americas-kickoff-ur1,2,Breeze,eeiu,FUR,Sova,0.89,140,10,10,6,0,76,102,25,1,1,0
https://www.vlr.gg/596400/kr-esports-vs-furia-vct-2026-americas-kickoff-ur1,2,Breeze,nerve,FUR,Viper,0.73,119,8,12,7,-4,67,84,10,0,2,-2
https://www.vlr.gg/596400/kr-esports-vs-furia-vct-2026-americas-kickoff-ur1,3,Abyss,infiltrator,KRÜ,Yoru,1.31,282,18,15,3,3,89,185,32,2,1,1
https://www.vlr.gg/596400/kr-esports-vs-furia-vct-2026-americas-kickoff-ur1,3,Abyss,mta,KRÜ,Kayo,0.77,158,8,14,8,-6,67,104,27,1,2,-1
https://www.vlr.gg/596400/kr-esports-vs-furia-vct-2026-americas-kickoff-ur1,3,Abyss,Governor,KRÜ,Sova,0.69,104,7,13,5,-6,56,80,50,1,2,-1
https://www.vlr.gg/596400/kr-esports-vs-furia-vct-2026-americas-kickoff-ur1,3,Abyss,NagZ,KRÜ,Chamber,0.64,131,8,16,4,-8,67,91,28,2,3,-1
https://www.vlr.gg/596400/kr-esports-vs-furia-vct-2026-americas-kickoff-ur1,3,Abyss,benG,KRÜ,Omen,0.45,119,6,15,5,-9,67,81,32,1,3,-2
https://www.vlr.gg/596400/kr-esports-vs-furia-vct-2026-americas-kickoff-ur1,3,Abyss,alym,FUR,Waylay,1.32,245,16,9,5,7,72,142,17,4,0,4
https://www.vlr.gg/596400/kr-esports-vs-furia-vct-2026-americas-kickoff-ur1,3,Abyss,koalanoob,FUR,Omen,1.3,278,18,13,9,5,83,171,30,4,3,1
https://www.vlr.gg/596400/kr-esports-vs-furia-vct-2026-americas-kickoff-ur1,3,Abyss,artzin,FUR,Astra,1.27,178,12,8,9,4,78,110,35,2,2,0
https://www.vlr.gg/596400/kr-esports-vs-furia-vct-2026-americas-kickoff-ur1,3,Abyss,eeiu,FUR,Sova,1.06,183,13,10,6,3,89,120,50,1,1,0
https://www.vlr.gg/596400/kr-esports-vs-furia-vct-2026-americas-kickoff-ur1,3,Abyss,nerve,FUR,Tejo,1.0,194,13,11,4,2,78,135,32,0,1,-1
